case_id,family,true_cede,safety_critical,latency,intent_confidence,human_input_quality,force_margin,force_risk,error_trend,confidence_switch_cede,confidence_switch_success,confidence_switch_unsafe,confidence_switch_peak_force,confidence_switch_chatter,timer_switch_cede,timer_switch_success,timer_switch_unsafe,timer_switch_peak_force,timer_switch_chatter,authority_boundary_cede,authority_boundary_success,authority_boundary_unsafe,authority_boundary_peak_force,authority_boundary_chatter
free_space_alignment_000,free_space_alignment,1,0,0.16,1.0,0.8067,0.7705,0.3782,0.0,1,1,0,2.0804,0,0,0,0,3.2524,0,1,1,0,1.5411,0
free_space_alignment_001,free_space_alignment,1,0,0.1,1.0,0.9239,0.5302,0.2335,0.2011,1,1,0,1.707,0,0,0,0,2.825,0,1,1,0,1.3359,0
free_space_alignment_002,free_space_alignment,1,0,0.06,0.7194,0.9249,0.8329,0.1361,0.0363,1,1,0,1.4562,0,1,1,0,1.4742,0,1,1,0,0.8732,0
free_space_alignment_003,free_space_alignment,1,0,0.04,0.8611,0.6098,0.804,0.2183,0.3115,1,1,0,1.5926,0,1,1,0,1.6286,0,1,1,0,1.0298,0
free_space_alignment_004,free_space_alignment,1,0,0.04,0.7249,0.9438,0.8069,0.2084,0.3888,1,1,0,1.5728,0,1,1,0,1.6088,0,1,1,0,1.008,0
free_space_alignment_005,free_space_alignment,1,0,0.16,0.8322,1.0,0.6888,0.2902,0.0226,1,1,0,1.9044,0,0,0,0,3.0764,0,1,1,0,1.4222,0
free_space_alignment_006,free_space_alignment,1,0,0.16,0.7341,0.7388,0.5985,0.2759,0.0018,1,1,0,1.8758,0,0,0,0,3.0478,0,1,1,0,1.4569,0
free_space_alignment_007,free_space_alignment,1,0,0.08,0.7764,0.6508,0.7367,0.1269,0.3575,1,1,0,1.4658,0,1,1,0,1.4658,0,1,1,0,0.9501,0
free_space_alignment_008,free_space_alignment,1,0,0.0,0.9135,0.7368,0.8908,0.081,0.2703,1,1,0,1.262,0,1,1,0,1.334,0,1,1,0,0.6384,0
free_space_alignment_009,free_space_alignment,1,0,0.0,0.7758,0.9533,0.8734,0.0,0.0826,1,1,0,1.1,0,1,1,0,1.172,0,1,1,0,0.4886,0
free_space_alignment_010,free_space_alignment,1,0,0.04,0.3851,0.773,0.9816,0.0429,0.2775,0,0,0,2.3418,0,1,1,0,1.2778,0,0,0,0,1.6547,0
free_space_alignment_011,free_space_alignment,1,0,0.0,0.86,0.8909,0.7889,0.2195,0.2746,1,1,0,1.539,0,1,1,0,1.611,0,1,1,0,0.9868,0
free_space_alignment_012,free_space_alignment,1,0,0.02,0.7866,0.769,0.7123,0.0,0.2817,1,1,0,1.128,0,1,1,0,1.182,0,1,1,0,0.6294,0
free_space_alignment_013,free_space_alignment,1,0,0.04,0.7249,0.7152,0.6829,0.2328,0.1521,1,1,0,1.6216,0,1,1,0,1.6576,0,1,1,0,1.1436,0
free_space_alignment_014,free_space_alignment,1,0,0.02,0.6398,0.7076,0.8914,0.2368,0.1184,1,1,0,1.6016,1,1,1,0,1.6556,1,1,1,0,0.9776,0
free_space_alignment_015,free_space_alignment,1,0,0.0,0.7003,0.6396,0.6389,0.0,0.1807,1,1,0,1.1,0,1,1,0,1.172,0,1,1,0,0.6528,0
free_space_alignment_016,free_space_alignment,1,0,0.0,0.783,0.8469,0.7712,0.157,0.0837,1,1,0,1.414,0,1,1,0,1.486,0,1,1,0,0.8742,0
free_space_alignment_017,free_space_alignment,1,0,0.08,0.943,0.6185,1.0,0.0964,0.0,1,1,0,1.4048,0,1,1,0,1.4048,0,1,1,0,0.7048,0
free_space_alignment_018,free_space_alignment,1,0,0.16,0.572,0.9684,0.5694,0.1655,0.1914,0,0,0,2.755,1,0,0,0,2.827,1,1,1,0,1.2564,0
free_space_alignment_019,free_space_alignment,1,0,0.0,0.9201,0.8249,1.0,0.1379,0.0197,1,1,0,1.3758,0,1,1,0,1.4478,0,1,1,0,0.6758,0
free_space_alignment_020,free_space_alignment,1,0,0.16,0.7791,0.6619,0.9158,0.2049,0.1927,1,1,0,1.7338,0,0,0,0,2.9058,0,1,1,0,1.0927,0
free_space_alignment_021,free_space_alignment,1,0,0.04,1.0,1.0,0.5102,0.2638,0.1396,1,1,0,1.6836,0,1,1,0,1.7196,0,1,1,0,1.3265,0
free_space_alignment_022,free_space_alignment,1,0,0.1,0.9325,0.8618,0.9965,0.4879,0.0,1,1,0,2.2158,0,0,0,0,3.3338,0,1,1,0,1.5183,0
free_space_alignment_023,free_space_alignment,1,0,0.12,0.8241,0.8211,0.7977,0.048,0.0,1,1,0,1.364,0,0,0,0,2.5,0,1,1,0,0.8056,0
free_space_alignment_024,free_space_alignment,1,0,0.1,0.6775,0.8868,0.8506,0.0938,0.4276,1,1,0,1.4276,1,0,0,0,2.5456,1,1,1,0,0.8322,0
free_space_alignment_025,free_space_alignment,1,0,0.1,0.9022,0.737,0.7939,0.0895,0.2576,1,1,0,1.419,0,0,0,0,2.537,0,1,1,0,0.8633,0
free_space_alignment_026,free_space_alignment,1,0,0.02,0.4462,0.7595,0.6106,0.2667,0.1295,0,0,0,2.7614,0,1,1,0,1.7154,0,0,0,0,2.334,0
free_space_alignment_027,free_space_alignment,1,0,0.16,0.8061,1.0,1.0,0.0,0.0277,1,1,0,1.324,0,0,0,0,2.496,0,1,1,0,0.624,0
free_space_alignment_028,free_space_alignment,1,0,0.12,0.8582,0.9067,0.5125,0.0728,0.3505,1,1,0,1.4136,0,0,0,0,2.5496,0,1,1,0,1.0549,0
free_space_alignment_029,free_space_alignment,1,0,0.06,0.8666,0.8015,0.975,0.1481,0.0,1,1,0,1.4802,0,1,1,0,1.4982,0,1,1,0,0.7977,0
free_space_alignment_030,free_space_alignment,1,0,0.02,0.8111,0.9019,0.911,0.0,0.2107,1,1,0,1.128,0,1,1,0,1.182,0,1,1,0,0.4903,0
free_space_alignment_031,free_space_alignment,1,0,0.1,0.8624,0.8765,1.0,0.1631,0.0,1,1,0,1.5662,0,0,0,0,2.6842,0,1,1,0,0.8662,0
free_space_alignment_032,free_space_alignment,1,0,0.0,0.864,0.8219,0.5831,0.1635,0.3268,1,1,0,1.427,0,1,1,0,1.499,0,1,1,0,1.0188,0
free_space_alignment_033,free_space_alignment,1,0,0.1,0.7403,0.7471,0.7716,0.3145,0.1305,1,1,0,1.869,0,0,0,0,2.987,0,1,1,0,1.3289,0
free_space_alignment_034,free_space_alignment,1,0,0.1,0.6728,0.6458,0.6489,0.139,0.1693,1,1,0,1.518,1,0,0,0,2.636,1,1,1,0,1.0638,0
free_space_alignment_035,free_space_alignment,1,0,0.04,1.0,0.7929,0.7026,0.0,0.2512,1,1,0,1.156,0,1,1,0,1.192,0,1,1,0,0.6642,0
free_space_alignment_036,free_space_alignment,1,0,0.02,0.3748,0.7355,0.8552,0.2422,0.2963,0,0,0,2.7124,0,1,1,0,1.6664,0,0,0,0,2.1138,0
free_space_alignment_037,free_space_alignment,1,0,0.02,0.96,1.0,1.0,0.097,0.1423,1,1,0,1.322,0,1,1,0,1.376,0,1,1,0,0.622,0
free_space_alignment_038,free_space_alignment,1,0,0.1,0.8554,0.5451,0.8333,0.3126,0.1876,1,1,0,1.8652,0,0,0,0,2.9832,0,0,0,0,2.3819,0
free_space_alignment_039,free_space_alignment,1,0,0.1,0.981,0.7107,0.7737,0.2128,0.0,1,1,0,1.6656,0,0,0,0,2.7836,0,1,1,0,1.124,0
free_space_alignment_040,free_space_alignment,1,0,0.08,0.7233,1.0,1.0,0.0084,0.0,1,1,0,1.2288,0,1,1,0,1.2288,0,1,1,0,0.5288,0
free_space_alignment_041,free_space_alignment,1,0,0.06,0.9479,0.659,0.6451,0.1373,0.0425,1,1,0,1.4586,0,1,1,0,1.4766,0,1,1,0,1.007,0
free_space_alignment_042,free_space_alignment,1,0,0.1,1.0,0.7463,0.7787,0.0,0.2449,1,1,0,1.24,0,0,0,0,2.358,0,1,1,0,0.6949,0
free_space_alignment_043,free_space_alignment,1,0,0.16,0.9548,0.8335,0.6091,0.1129,0.0499,1,1,0,1.5498,0,0,0,0,2.7218,0,1,1,0,1.1234,0
free_space_alignment_044,free_space_alignment,1,0,0.16,0.9232,0.7758,0.7767,0.0,0.2536,1,1,0,1.324,0,0,0,0,2.496,0,1,1,0,0.7803,0
free_space_alignment_045,free_space_alignment,1,0,0.08,1.0,0.8363,0.7104,0.1243,0.0,1,1,0,1.4606,0,1,1,0,1.4606,0,1,1,0,0.9633,0
free_space_alignment_046,free_space_alignment,1,0,0.02,0.9936,0.8046,0.8352,0.3906,0.0735,1,1,0,1.9092,0,1,1,0,1.9632,0,1,1,0,1.3246,0
free_space_alignment_047,free_space_alignment,1,0,0.06,0.7805,0.8519,1.0,0.2791,0.0803,1,1,0,1.7422,0,1,1,0,1.7602,0,1,1,0,1.0422,0
free_space_alignment_048,free_space_alignment,1,0,0.1,0.5796,1.0,0.7881,0.2551,0.0622,0,0,0,2.8502,1,0,0,0,2.8682,1,1,1,0,1.1985,0
free_space_alignment_049,free_space_alignment,1,0,0.02,0.7263,0.8276,0.9963,0.239,0.2961,1,1,0,1.606,0,1,1,0,1.66,0,1,1,0,0.9086,0
free_space_alignment_050,free_space_alignment,1,0,0.02,0.6674,0.8222,0.7471,0.1897,0.0923,1,1,0,1.5074,1,1,1,0,1.5614,1,1,1,0,0.9844,0
free_space_alignment_051,free_space_alignment,1,0,0.16,0.6143,1.0,0.713,0.1348,0.0585,0,0,0,2.6936,1,0,0,0,2.7656,1,1,1,0,1.0945,0
free_space_alignment_052,free_space_alignment,1,0,0.12,0.8235,0.8221,0.9176,0.279,0.2434,1,1,0,1.826,0,0,0,0,2.962,0,1,1,0,1.1837,0
free_space_alignment_053,free_space_alignment,1,0,0.12,0.8441,0.7408,1.0,0.1636,0.0,1,1,0,1.5952,0,0,0,0,2.7312,0,1,1,0,0.8952,0
free_space_alignment_054,free_space_alignment,1,0,0.0,0.8758,0.9015,0.8016,0.1028,0.1551,1,1,0,1.3056,0,1,1,0,1.3776,0,1,1,0,0.7445,0
free_space_alignment_055,free_space_alignment,1,0,0.12,0.8656,0.9252,0.7501,0.224,0.2956,1,1,0,1.716,0,0,0,0,2.852,0,1,1,0,1.1909,0
free_space_alignment_056,free_space_alignment,1,0,0.04,0.4818,0.7955,0.6496,0.0,0.4332,0,0,0,2.256,0,1,1,0,1.192,0,0,0,0,1.8013,0
free_space_alignment_057,free_space_alignment,1,0,0.04,0.9825,0.8387,0.6565,0.0,0.1403,1,1,0,1.156,0,1,1,0,1.192,0,1,1,0,0.6965,0
free_space_alignment_058,free_space_alignment,1,0,0.06,0.9323,0.8001,0.7964,0.3027,0.1811,1,1,0,1.7894,0,1,1,0,1.8074,0,1,1,0,1.2319,0
free_space_alignment_059,free_space_alignment,1,0,0.1,1.0,0.9667,0.9317,0.1371,0.0662,1,1,0,1.5142,0,0,0,0,2.6322,0,1,1,0,0.862,0
free_space_alignment_060,free_space_alignment,1,0,0.1,0.6437,0.7334,0.7839,0.0,0.2404,1,1,0,1.24,1,0,0,0,2.358,1,1,1,0,0.6913,0
free_space_alignment_061,free_space_alignment,1,0,0.1,0.8438,0.8664,0.6197,0.3258,0.5993,1,1,0,1.8916,0,0,0,0,3.0096,0,1,1,0,1.4578,0
free_space_alignment_062,free_space_alignment,1,0,0.16,0.708,0.8693,0.9602,0.3219,0.1296,1,1,0,1.9678,0,0,0,0,3.1398,0,1,1,0,1.2957,0
free_space_alignment_063,free_space_alignment,1,0,0.1,0.6667,0.9885,0.5154,0.1347,0.0074,1,1,0,1.5094,1,0,0,0,2.6274,1,1,1,0,1.1486,0
free_space_alignment_064,free_space_alignment,1,0,0.06,0.6315,0.8916,0.4519,0.34,0.0,1,1,0,1.864,1,1,1,0,1.882,1,0,0,0,2.6477,0
free_space_alignment_065,free_space_alignment,1,0,0.1,0.7058,0.792,0.6146,0.0135,0.2752,1,1,0,1.267,0,0,0,0,2.385,0,1,1,0,0.8368,0
free_space_alignment_066,free_space_alignment,1,0,0.04,0.8104,0.647,0.6314,0.0,0.2501,1,1,0,1.156,0,1,1,0,1.192,0,1,1,0,0.714,0
free_space_alignment_067,free_space_alignment,1,0,0.16,0.7179,1.0,1.0,0.1344,0.2082,1,1,0,1.5928,0,0,0,0,2.7648,0,1,1,0,0.8928,0
free_space_alignment_068,free_space_alignment,1,0,0.1,0.3905,0.9615,0.6995,0.3467,0.0864,0,0,0,3.0334,0,0,0,0,3.0514,0,0,0,0,2.5438,0
free_space_alignment_069,free_space_alignment,1,0,0.1,0.8109,1.0,0.5723,0.1226,0.096,1,1,0,1.4852,0,0,0,0,2.6032,0,1,1,0,1.0846,0
free_space_alignment_070,free_space_alignment,1,0,0.1,0.9396,0.9064,0.7498,0.1352,0.2452,1,1,0,1.5104,0,0,0,0,2.6284,0,1,1,0,0.9855,0
free_space_alignment_071,free_space_alignment,1,0,0.04,1.0,0.8128,0.8191,0.2263,0.1763,1,1,0,1.6086,0,1,1,0,1.6446,0,1,1,0,1.0352,0
free_space_alignment_072,free_space_alignment,1,0,0.12,0.5473,0.7726,1.0,0.5966,0.1633,0,0,0,3.5612,0,0,0,0,3.5972,0,1,1,0,1.7612,0
free_space_alignment_073,free_space_alignment,1,0,0.06,0.8829,0.8262,0.8756,0.2033,0.2124,1,1,0,1.5906,0,1,1,0,1.6086,0,1,1,0,0.9777,0
free_space_alignment_074,free_space_alignment,1,0,0.02,0.8653,0.7533,1.0,0.1022,0.0,1,1,0,1.3324,0,1,1,0,1.3864,0,1,1,0,0.6324,0
free_space_alignment_075,free_space_alignment,1,0,0.12,1.0,0.7943,0.8722,0.1358,0.034,1,1,0,1.5396,0,0,0,0,2.6756,0,1,1,0,0.9291,0
free_space_alignment_076,free_space_alignment,1,0,0.02,1.0,0.8563,0.7702,0.2067,0.0,1,1,0,1.5414,0,1,1,0,1.5954,0,1,1,0,1.0023,0
free_space_alignment_077,free_space_alignment,1,0,0.0,0.7875,0.9548,1.0,0.3353,0.1019,1,1,0,1.7706,0,1,1,0,1.8426,0,1,1,0,1.0706,0
free_space_alignment_078,free_space_alignment,1,0,0.1,0.8353,1.0,0.7355,0.1367,0.0867,1,1,0,1.5134,0,0,0,0,2.6314,0,1,1,0,0.9986,0
free_space_alignment_079,free_space_alignment,1,0,0.02,0.9338,0.8224,0.6823,0.0805,0.2111,1,1,0,1.289,0,1,1,0,1.343,0,1,1,0,0.8114,0
free_space_alignment_080,free_space_alignment,1,0,0.16,0.9264,0.976,0.9578,0.0,0.1948,1,1,0,1.324,0,0,0,0,2.496,0,1,1,0,0.6535,0
free_space_alignment_081,free_space_alignment,1,0,0.12,0.8137,0.57,0.6636,0.4175,0.0144,1,1,0,2.103,0,0,0,0,3.239,0,0,0,0,2.7385,0
free_space_alignment_082,free_space_alignment,1,0,0.16,0.9627,1.0,0.868,0.1863,0.1351,1,1,0,1.6966,0,0,0,0,2.8686,0,1,1,0,1.089,0
free_space_alignment_083,free_space_alignment,1,0,0.16,0.8836,0.8309,0.9707,0.286,0.016,1,1,0,1.896,0,0,0,0,3.068,0,1,1,0,1.2165,0
free_space_alignment_084,free_space_alignment,1,0,0.1,0.8998,1.0,0.7929,0.0162,0.0,1,1,0,1.2724,0,0,0,0,2.3904,0,1,1,0,0.7174,0
free_space_alignment_085,free_space_alignment,1,0,0.12,0.6407,0.9072,1.0,0.1152,0.1825,1,1,0,1.4984,1,0,0,0,2.6344,1,1,1,0,0.7984,0
free_space_alignment_086,free_space_alignment,1,0,0.1,0.8332,0.8399,0.4046,0.427,0.0,1,1,0,2.094,0,0,0,0,3.212,0,0,0,0,2.9108,0
free_space_alignment_087,free_space_alignment,1,0,0.02,0.4803,0.6314,0.8728,0.1977,0.0445,0,0,0,2.6234,0,1,1,0,1.5774,0,0,0,0,2.0124,0
free_space_alignment_088,free_space_alignment,1,0,0.02,0.738,0.839,0.7741,0.0,0.0,1,1,0,1.128,0,1,1,0,1.182,0,1,1,0,0.5861,0
free_space_alignment_089,free_space_alignment,1,0,0.02,0.7238,0.748,0.852,0.4602,0.2226,1,1,0,2.0484,0,1,1,0,2.1024,0,1,1,0,1.452,0
free_space_alignment_090,free_space_alignment,1,0,0.1,0.7082,0.8936,0.9854,0.0497,0.3419,1,1,0,1.3394,0,0,0,0,2.4574,0,1,1,0,0.6496,0
free_space_alignment_091,free_space_alignment,1,0,0.12,0.6371,0.5656,0.5799,0.176,0.279,1,1,0,1.62,1,0,0,0,2.756,1,0,0,0,2.3141,0
free_space_alignment_092,free_space_alignment,1,0,0.1,0.5094,0.8641,0.4211,0.2861,0.1945,0,0,0,2.9122,0,0,0,0,2.9302,0,0,0,0,2.6174,0
free_space_alignment_093,free_space_alignment,1,0,0.1,0.9072,0.9665,0.9199,0.2176,0.1221,1,1,0,1.6752,0,0,0,0,2.7932,0,1,1,0,1.0313,0
free_space_alignment_094,free_space_alignment,1,0,0.06,0.7631,0.6886,0.6271,0.0911,0.0,1,1,0,1.3662,0,1,1,0,1.3842,0,1,1,0,0.9272,0
free_space_alignment_095,free_space_alignment,1,0,0.1,0.5807,0.9313,0.8527,0.1711,0.3004,0,0,0,2.6822,1,0,0,0,2.7002,1,1,1,0,0.9853,0
free_space_alignment_096,free_space_alignment,1,0,0.08,0.8787,0.7565,0.6549,0.0571,0.1134,1,1,0,1.3262,0,1,1,0,1.3262,0,1,1,0,0.8678,0
free_space_alignment_097,free_space_alignment,1,0,0.16,0.8377,0.7888,0.8938,0.2611,0.0702,1,1,0,1.8462,0,0,0,0,3.0182,0,1,1,0,1.2205,0
free_space_alignment_098,free_space_alignment,1,0,0.04,0.9132,0.8594,0.7035,0.2742,0.0,1,1,0,1.7044,0,1,1,0,1.7404,0,1,1,0,1.212,0
free_space_alignment_099,free_space_alignment,1,0,0.0,1.0,0.6382,0.9385,0.2314,0.3247,1,1,0,1.5628,0,1,1,0,1.6348,0,1,1,0,0.9059,0
cluttered_approach_000,cluttered_approach,0,1,0.02,0.5442,0.3601,0.4896,0.6288,0.4264,0,1,0,2.3856,0,0,1,0,2.4396,0,0,1,0,2.0429,0
cluttered_approach_001,cluttered_approach,0,1,0.1,0.6443,0.3046,0.431,0.8976,0.5276,1,0,1,9.8352,1,0,1,0,3.0532,1,0,1,0,2.7335,0
cluttered_approach_002,cluttered_approach,0,1,0.02,0.9054,0.3959,0.4043,0.6834,0.3886,1,0,1,9.2948,0,0,1,0,2.5488,0,0,1,0,2.2118,0
cluttered_approach_003,cluttered_approach,0,1,0.04,0.6996,0.4495,0.2656,0.8343,0.4139,1,0,1,9.6246,0,0,1,0,2.8606,0,0,1,0,2.6387,0
cluttered_approach_004,cluttered_approach,0,1,0.0,0.8035,0.3896,0.421,0.6131,0.5709,1,0,1,9.1262,0,0,1,0,2.3982,0,0,1,0,2.0315,0
cluttered_approach_005,cluttered_approach,0,1,0.1,0.5707,0.3654,0.4602,0.6492,0.7358,0,1,0,2.5384,1,0,1,0,2.5564,1,0,1,0,2.2163,0
cluttered_approach_006,cluttered_approach,0,1,0.06,0.8253,0.3251,0.5807,0.5544,0.5306,1,0,1,9.0928,0,0,1,0,2.3108,0,0,1,0,1.8863,0
cluttered_approach_007,cluttered_approach,0,1,0.12,0.6995,0.6126,0.1088,0.9582,0.5164,1,0,1,9.9844,0,0,1,0,3.2204,0,0,1,0,3.1082,0
cluttered_approach_008,cluttered_approach,0,1,0.16,0.9032,0.2616,0.2607,0.6202,0.401,1,0,1,9.3644,0,0,1,0,2.6364,0,0,1,0,2.3819,0
cluttered_approach_009,cluttered_approach,0,1,0.12,0.8848,0.5122,0.3664,0.8265,0.4258,1,0,1,9.721,0,0,1,0,2.957,0,0,1,0,2.6645,0
cluttered_approach_010,cluttered_approach,0,1,0.04,0.8565,0.4128,0.2474,0.624,0.5475,1,0,1,9.204,0,0,1,0,2.44,0,0,1,0,2.2308,0
cluttered_approach_011,cluttered_approach,0,1,0.02,0.6127,0.3559,0.277,0.765,0.5767,0,1,0,2.658,1,0,1,0,2.712,1,0,1,0,2.4641,0
cluttered_approach_012,cluttered_approach,0,1,0.08,0.8542,0.3485,0.2135,0.5775,0.2627,1,0,1,9.167,0,0,1,0,2.367,0,0,1,0,2.2176,0
cluttered_approach_013,cluttered_approach,0,1,0.06,0.7999,0.3438,0.3898,0.6558,0.4624,1,0,1,9.2956,0,0,1,0,2.5136,0,0,1,0,2.2227,0
cluttered_approach_014,cluttered_approach,0,1,0.02,0.867,0.5309,0.3996,0.5272,0.3498,1,0,1,8.9824,0,1,0,1,9.0364,0,0,1,0,1.9027,0
cluttered_approach_015,cluttered_approach,0,1,0.1,0.764,0.1491,0.2539,0.6097,0.6471,1,0,1,9.2594,0,0,1,0,2.4774,0,0,1,0,2.2817,0
cluttered_approach_016,cluttered_approach,0,1,0.02,0.8492,0.3057,0.5221,0.8962,0.7073,1,0,1,9.7204,0,0,1,0,2.9744,0,0,1,0,2.5549,0
cluttered_approach_017,cluttered_approach,0,1,0.16,0.5313,0.4127,0.4407,0.6543,0.6702,0,1,0,2.6326,0,0,1,0,2.7046,0,0,1,0,2.3241,0
cluttered_approach_018,cluttered_approach,0,1,0.08,0.6874,0.4495,0.3789,0.9622,0.6738,1,0,1,9.9364,1,0,1,0,3.1364,1,0,1,0,2.8712,0
cluttered_approach_019,cluttered_approach,0,1,0.16,0.777,0.2377,0.1044,0.6728,0.3455,1,0,1,9.4696,0,0,1,0,2.7416,0,0,1,0,2.5965,0
cluttered_approach_020,cluttered_approach,0,1,0.06,0.8128,0.2492,0.3115,0.6251,0.531,1,0,1,9.2342,0,0,1,0,2.4522,0,0,1,0,2.2162,0
cluttered_approach_021,cluttered_approach,0,1,0.12,0.7777,0.3997,0.1902,0.817,0.4824,1,0,1,9.702,0,0,1,0,2.938,0,0,1,0,2.7689,0
cluttered_approach_022,cluttered_approach,0,1,0.1,0.6958,0.5302,0.276,0.6275,0.538,1,0,1,9.295,0,0,1,0,2.513,0,0,1,0,2.3018,0
cluttered_approach_023,cluttered_approach,0,1,0.08,0.5615,0.4116,0.4598,0.7723,0.403,0,1,0,2.7566,1,0,1,0,2.7566,1,0,1,0,2.4347,0
cluttered_approach_024,cluttered_approach,0,1,0.08,0.7529,0.5037,0.3361,0.7702,0.7131,1,0,1,9.5524,0,1,0,1,9.5524,0,0,1,0,2.5171,0
cluttered_approach_025,cluttered_approach,0,1,0.1,0.9851,0.4951,0.3079,0.608,0.5593,1,0,1,9.256,0,0,1,0,2.474,0,0,1,0,2.2405,0
cluttered_approach_026,cluttered_approach,0,1,0.06,0.4083,0.379,0.4093,0.7905,0.4864,0,1,0,2.765,0,0,1,0,2.783,0,0,1,0,2.4785,0
cluttered_approach_027,cluttered_approach,0,1,0.02,0.4632,0.4869,0.4807,0.7346,0.7512,0,1,0,2.5972,0,0,1,0,2.6512,0,0,1,0,2.2607,0
cluttered_approach_028,cluttered_approach,0,1,0.08,0.656,0.4683,0.6688,0.9327,0.4089,1,0,1,9.8774,1,0,1,0,3.0774,1,0,1,0,2.6092,0
cluttered_approach_029,cluttered_approach,0,1,0.04,0.7006,0.3701,0.163,0.7955,0.8006,1,0,1,9.547,0,0,1,0,2.783,0,0,1,0,2.6329,0
cluttered_approach_030,cluttered_approach,0,1,0.12,0.8344,0.3742,0.1763,0.9038,0.4905,1,0,1,9.8756,0,0,1,0,3.1116,0,0,1,0,2.9522,0
cluttered_approach_031,cluttered_approach,0,1,0.16,0.7874,0.2146,0.5419,0.6046,0.4181,1,0,1,9.3332,0,0,1,0,2.6052,0,0,1,0,2.1539,0
cluttered_approach_032,cluttered_approach,0,1,0.1,0.7977,0.6885,0.0829,0.6756,0.4221,1,0,1,9.3912,0,0,1,0,2.6092,0,0,1,0,2.5332,0
cluttered_approach_033,cluttered_approach,0,1,0.02,0.6791,0.618,0.3743,0.5877,0.5331,1,0,1,9.1034,1,1,0,1,9.1574,1,0,1,0,2.0414,0
cluttered_approach_034,cluttered_approach,0,1,0.06,0.6973,0.2951,0.511,0.5848,0.6324,1,0,1,9.1536,0,0,1,0,2.3716,0,0,1,0,1.9959,0
cluttered_approach_035,cluttered_approach,0,1,0.08,0.6581,0.3494,0.5668,0.676,0.6171,1,0,1,9.364,1,0,1,0,2.564,1,0,1,0,2.1672,0
cluttered_approach_036,cluttered_approach,0,1,0.16,0.6879,0.3048,0.5137,0.5629,0.3299,1,0,1,9.2498,1,0,1,0,2.5218,1,0,1,0,2.0902,0
cluttered_approach_037,cluttered_approach,0,1,0.1,0.5509,0.2191,0.4084,0.8016,0.6211,0,1,0,2.8432,1,0,1,0,2.8612,1,0,1,0,2.5573,0
cluttered_approach_038,cluttered_approach,0,1,0.12,0.6304,0.4359,0.5177,0.5909,0.662,1,0,1,9.2498,1,0,1,0,2.4858,1,0,1,0,2.0874,0
cluttered_approach_039,cluttered_approach,0,1,0.04,0.7652,0.319,0.3116,0.6376,0.5122,1,0,1,9.2312,0,0,1,0,2.4672,0,0,1,0,2.2131,0
cluttered_approach_040,cluttered_approach,0,1,0.12,0.6681,0.3354,0.2214,0.6165,0.4766,1,0,1,9.301,1,0,1,0,2.537,1,0,1,0,2.346,0
cluttered_approach_041,cluttered_approach,0,1,0.08,0.3256,0.4168,0.3119,0.7089,0.5712,0,1,0,2.6298,0,0,1,0,2.6298,0,0,1,0,2.4115,0
cluttered_approach_042,cluttered_approach,0,1,0.16,0.8066,0.3066,0.2588,0.6114,0.8604,1,0,1,9.3468,0,0,1,0,2.6188,0,0,1,0,2.3656,0
cluttered_approach_043,cluttered_approach,0,1,0.1,0.5852,0.317,0.3461,0.5371,0.8033,0,1,0,2.3142,1,0,1,0,2.3322,1,0,1,0,2.0719,0
cluttered_approach_044,cluttered_approach,0,1,0.02,0.531,0.3099,0.5302,0.966,0.4018,0,1,0,3.06,0,0,1,0,3.114,0,0,1,0,2.6889,0
cluttered_approach_045,cluttered_approach,0,1,0.1,0.5805,0.3621,0.344,0.6976,0.6275,0,1,0,2.6352,1,0,1,0,2.6532,1,0,1,0,2.3944,0
cluttered_approach_046,cluttered_approach,0,1,0.06,0.6253,0.5469,0.5584,0.5211,0.3484,1,0,1,9.0262,1,1,0,1,9.0442,1,0,1,0,1.8353,0
cluttered_approach_047,cluttered_approach,0,1,0.16,0.9022,0.4325,0.5966,0.5656,0.5863,1,0,1,9.2552,0,0,1,0,2.5272,0,0,1,0,2.0376,0
cluttered_approach_048,cluttered_approach,0,1,0.04,0.6072,0.4221,0.2788,0.7127,0.5754,0,1,0,2.5814,1,0,1,0,2.6174,1,0,1,0,2.3862,0
cluttered_approach_049,cluttered_approach,0,1,0.08,0.8807,0.3179,0.2274,0.6809,0.5243,1,0,1,9.3738,0,0,1,0,2.5738,0,0,1,0,2.4146,0
cluttered_approach_050,cluttered_approach,0,1,0.06,0.6683,0.2563,0.039,0.7791,0.5078,1,0,1,9.5422,1,0,1,0,2.7602,1,0,1,0,2.7149,0
cluttered_approach_051,cluttered_approach,0,1,0.12,0.682,0.3646,0.4301,0.6064,0.4551,1,0,1,9.2808,1,0,1,0,2.5168,1,0,1,0,2.1797,0
cluttered_approach_052,cluttered_approach,0,1,0.06,0.5177,0.2749,0.2643,0.735,0.6113,0,1,0,2.654,0,0,1,0,2.672,0,0,1,0,2.469,0
cluttered_approach_053,cluttered_approach,0,1,0.06,0.7142,0.3201,0.3587,0.7341,0.3716,1,0,1,9.4522,0,0,1,0,2.6702,0,0,1,0,2.4011,0
cluttered_approach_054,cluttered_approach,0,1,0.0,0.5558,0.2988,0.4419,0.954,0.5568,0,1,0,3.008,1,0,1,0,3.08,1,0,1,0,2.6987,0
cluttered_approach_055,cluttered_approach,0,1,0.1,0.4357,0.4266,0.4567,0.7222,0.3673,0,1,0,2.6844,0,0,1,0,2.7024,0,0,1,0,2.3647,0
cluttered_approach_056,cluttered_approach,0,1,0.1,0.7176,0.3773,0.5247,0.6972,0.5172,1,0,1,9.4344,0,0,1,0,2.6524,0,0,1,0,2.2671,0
cluttered_approach_057,cluttered_approach,0,1,0.02,0.7372,0.2975,0.3458,0.8396,0.4596,1,0,1,9.6072,0,0,1,0,2.8612,0,0,1,0,2.5651,0
cluttered_approach_058,cluttered_approach,0,1,0.06,0.4936,0.2197,0.6841,0.8887,0.5589,0,1,0,2.9614,0,0,1,0,2.9794,0,0,1,0,2.4825,0
cluttered_approach_059,cluttered_approach,0,1,0.12,0.6831,0.5402,0.6317,0.8011,0.3878,1,0,1,9.6702,1,0,1,0,2.9062,1,0,1,0,2.428,0
cluttered_approach_060,cluttered_approach,0,1,0.12,0.6578,0.3889,0.6271,0.7963,0.7737,1,0,1,9.6606,1,0,1,0,2.8966,1,0,1,0,2.4216,0
cluttered_approach_061,cluttered_approach,0,1,0.08,0.7659,0.3257,0.4809,0.6999,0.7264,1,0,1,9.4118,0,0,1,0,2.6118,0,0,1,0,2.2752,0
cluttered_approach_062,cluttered_approach,0,1,0.12,0.8695,0.441,0.4007,0.5222,0.441,1,0,1,9.1124,0,0,1,0,2.3484,0,0,1,0,2.0319,0
cluttered_approach_063,cluttered_approach,0,1,0.04,0.6382,0.445,0.3814,0.5482,0.4185,1,0,1,9.0524,1,0,1,0,2.2884,1,0,1,0,1.9854,0
cluttered_approach_064,cluttered_approach,0,1,0.08,0.507,0.5191,0.3776,0.5953,0.4564,0,1,0,2.4026,0,1,0,1,9.2026,0,0,1,0,2.1383,0
cluttered_approach_065,cluttered_approach,0,1,0.1,0.9605,0.5533,0.3368,0.7239,0.335,1,0,1,9.4878,0,0,1,0,2.7058,0,0,1,0,2.452,0
cluttered_approach_066,cluttered_approach,0,1,0.08,0.6785,0.5656,0.2133,0.7377,0.6134,1,0,1,9.4874,1,1,0,1,9.4874,1,0,1,0,2.5381,0
cluttered_approach_067,cluttered_approach,0,1,0.1,0.7204,0.493,0.2949,0.965,0.4977,1,0,1,9.97,0,0,1,0,3.188,0,0,1,0,2.9636,0
cluttered_approach_068,cluttered_approach,0,1,0.16,0.7225,0.4996,0.3191,0.6854,0.6653,1,0,1,9.4948,0,0,1,0,2.7668,0,0,1,0,2.4714,0
cluttered_approach_069,cluttered_approach,0,1,0.0,0.6787,0.4198,0.0049,0.599,0.5256,1,0,1,9.098,1,0,1,0,2.37,1,0,1,0,2.2946,0
cluttered_approach_070,cluttered_approach,0,1,0.1,0.9088,0.4035,0.4561,0.6211,0.6869,1,0,1,9.2822,0,0,1,0,2.5002,0,0,1,0,2.1629,0
cluttered_approach_071,cluttered_approach,0,1,0.02,0.6837,0.3812,0.192,0.8567,0.4949,1,0,1,9.6414,1,0,1,0,2.8954,1,0,1,0,2.707,0
cluttered_approach_072,cluttered_approach,0,1,0.02,0.8897,0.4509,0.44,0.4995,0.6435,1,0,1,8.927,0,0,1,0,2.181,0,0,1,0,1.819,0
cluttered_approach_073,cluttered_approach,0,1,0.08,0.8879,0.4006,0.4856,0.5186,0.4114,1,0,1,9.0492,0,0,1,0,2.2492,0,0,1,0,1.9093,0
cluttered_approach_074,cluttered_approach,0,1,0.06,0.9015,0.2459,0.5472,0.5766,0.5946,1,0,1,9.1372,0,0,1,0,2.3552,0,0,1,0,1.9542,0
cluttered_approach_075,cluttered_approach,0,1,0.08,0.9835,0.2294,0.1889,0.6573,0.7067,1,0,1,9.3266,0,0,1,0,2.5266,0,0,1,0,2.3944,0
cluttered_approach_076,cluttered_approach,0,1,0.0,0.9915,0.3505,0.5512,0.4954,0.49,1,0,1,8.8908,0,0,1,0,2.1628,0,0,1,0,1.705,0
cluttered_approach_077,cluttered_approach,0,1,0.12,0.606,0.2188,0.2739,0.6147,0.4314,0,1,0,2.4974,1,0,1,0,2.5334,1,0,1,0,2.3057,0
cluttered_approach_078,cluttered_approach,0,1,0.04,0.7115,0.3623,0.2515,0.4672,0.7264,1,0,1,8.8904,0,0,1,0,2.1264,0,0,1,0,1.9144,0
cluttered_approach_079,cluttered_approach,0,1,0.02,0.7373,0.3929,0.3466,0.8341,0.7342,1,0,1,9.5962,0,0,1,0,2.8502,0,0,1,0,2.5536,0
cluttered_approach_080,cluttered_approach,0,1,0.08,0.927,0.385,0.4984,0.5847,0.7909,1,0,1,9.1814,0,0,1,0,2.3814,0,0,1,0,2.0325,0
cluttered_approach_081,cluttered_approach,0,1,0.06,0.8981,0.7391,0.5766,0.8196,0.6639,1,0,1,9.6232,0,1,0,1,9.6412,0,0,1,0,2.4196,0
cluttered_approach_082,cluttered_approach,0,1,0.04,0.7462,0.4372,0.2742,0.4178,0.4885,1,0,1,8.7916,0,0,1,0,2.0276,0,0,1,0,1.7997,0
cluttered_approach_083,cluttered_approach,0,1,0.0,0.6285,0.5872,0.3167,0.8932,0.3599,1,0,1,9.6864,1,1,0,1,9.7584,1,0,1,0,2.6647,0
cluttered_approach_084,cluttered_approach,0,1,0.02,0.8859,0.3655,0.3764,0.7251,0.4989,1,0,1,9.3782,0,0,1,0,2.6322,0,0,1,0,2.3147,0
cluttered_approach_085,cluttered_approach,0,1,0.06,0.6931,0.3149,0.3649,0.8291,0.344,1,0,1,9.6422,0,0,1,0,2.8602,0,0,1,0,2.5868,0
cluttered_approach_086,cluttered_approach,0,1,0.0,0.4427,0.4522,0.7104,0.7326,0.3391,0,1,0,2.5652,0,0,1,0,2.6372,0,0,1,0,2.0679,0
cluttered_approach_087,cluttered_approach,0,1,0.08,0.8698,0.4124,0.3019,0.4892,0.6476,1,0,1,8.9904,0,0,1,0,2.1904,0,0,1,0,1.9791,0
cluttered_approach_088,cluttered_approach,0,1,0.12,0.8411,0.4086,0.2943,0.7008,0.6538,1,0,1,9.4696,0,0,1,0,2.7056,0,0,1,0,2.4636,0
cluttered_approach_089,cluttered_approach,0,1,0.04,0.9036,0.2376,0.3419,0.6548,0.3724,1,0,1,9.2656,0,0,1,0,2.5016,0,0,1,0,2.2263,0
cluttered_approach_090,cluttered_approach,0,1,0.0,0.7056,0.2518,0.4809,0.7588,0.4029,1,0,1,9.4176,0,0,1,0,2.6896,0,0,1,0,2.281,0
cluttered_approach_091,cluttered_approach,0,1,0.0,1.0,0.3835,0.5997,0.882,0.7172,1,0,1,9.664,0,0,1,0,2.936,0,0,1,0,2.4442,0
cluttered_approach_092,cluttered_approach,0,1,0.08,0.7782,0.4312,0.1129,0.671,0.594,1,0,1,9.354,0,0,1,0,2.554,0,0,1,0,2.475,0
cluttered_approach_093,cluttered_approach,0,1,0.16,1.0,0.3562,0.5565,0.7166,0.5826,1,0,1,9.5572,0,0,1,0,2.8292,0,0,1,0,2.3677,0
cluttered_approach_094,cluttered_approach,0,1,0.12,0.7913,0.4765,0.7114,0.5558,0.6103,1,0,1,9.1796,0,0,1,0,2.4156,0,0,1,0,1.8816,0
cluttered_approach_095,cluttered_approach,0,1,0.06,0.8101,0.3877,0.3909,0.5248,0.8251,1,0,1,9.0336,0,0,1,0,2.2516,0,0,1,0,1.96,0
cluttered_approach_096,cluttered_approach,0,1,0.16,0.6533,0.5277,0.2604,0.6362,0.4714,1,0,1,9.3964,1,0,1,0,2.6684,1,0,1,0,2.4141,0
cluttered_approach_097,cluttered_approach,0,1,0.0,0.5808,0.2554,0.4394,0.7985,0.2838,0,1,0,2.697,1,0,1,0,2.769,1,0,1,0,2.3894,0
cluttered_approach_098,cluttered_approach,0,1,0.08,0.8948,0.3109,0.4121,0.6631,0.4739,1,0,1,9.3382,0,0,1,0,2.5382,0,0,1,0,2.2497,0
cluttered_approach_099,cluttered_approach,0,1,0.04,0.9148,0.5358,0.3074,0.6725,0.4826,1,0,1,9.301,0,1,0,1,9.337,0,0,1,0,2.2858,0
contact_insertion_000,contact_insertion,0,1,0.0,0.8196,0.5722,0.6067,0.7266,0.436,1,0,1,9.3532,0,1,0,1,9.4252,0,0,1,0,2.1285,0
contact_insertion_001,contact_insertion,0,1,0.02,0.5322,0.2353,0.5073,0.8067,0.5656,0,1,0,2.7414,0,0,1,0,2.7954,0,0,1,0,2.3863,0
contact_insertion_002,contact_insertion,0,1,0.04,0.7818,0.3465,0.3424,0.3835,0.7778,1,0,1,8.723,0,0,1,0,1.959,0,0,1,0,1.6833,0
contact_insertion_003,contact_insertion,0,1,0.12,0.7393,0.4467,0.5573,0.9643,0.8363,1,0,1,9.9966,0,0,1,0,3.2326,0,0,1,0,2.8065,0
contact_insertion_004,contact_insertion,0,1,0.08,1.0,0.4123,0.1601,0.7316,0.4996,1,0,1,9.4752,0,0,1,0,2.6752,0,0,1,0,2.5631,0
contact_insertion_005,contact_insertion,0,1,0.02,0.6616,0.6419,0.3022,0.822,0.569,1,0,1,9.572,1,1,0,1,9.626,1,0,1,0,2.5605,0
contact_insertion_006,contact_insertion,0,1,0.06,0.7657,0.3957,0.196,0.6768,0.7376,1,0,1,9.3376,0,0,1,0,2.5556,0,0,1,0,2.4004,0
contact_insertion_007,contact_insertion,0,1,0.16,0.3592,0.3214,0.6997,0.8608,0.8098,0,1,0,3.0456,0,0,1,0,3.1176,0,0,1,0,2.5558,0
contact_insertion_008,contact_insertion,0,1,0.16,0.742,0.65,0.49,0.8076,0.5625,1,0,1,9.7392,0,0,1,0,3.0112,0,0,1,0,2.5962,0
contact_insertion_009,contact_insertion,0,1,0.04,0.7683,0.5642,0.2016,0.6253,0.7547,1,0,1,9.2066,0,1,0,1,9.2426,0,0,1,0,2.2655,0
contact_insertion_010,contact_insertion,0,1,0.02,0.4481,0.6206,0.2542,0.944,0.6366,0,1,0,3.016,0,1,0,1,9.87,0,0,1,0,2.8381,0
contact_insertion_011,contact_insertion,0,1,0.0,0.6854,0.3367,0.322,1.0,0.7596,1,0,1,9.9,1,0,1,0,3.172,1,0,1,0,2.8746,0
contact_insertion_012,contact_insertion,0,1,0.12,0.9176,0.4066,0.8313,0.8537,0.6704,1,0,1,9.7754,0,0,1,0,3.0114,0,0,1,0,2.3935,0
contact_insertion_013,contact_insertion,0,1,0.1,0.5814,0.6021,0.5575,0.6645,0.614,0,1,0,2.569,1,0,1,0,2.587,1,0,1,0,2.1788,0
contact_insertion_014,contact_insertion,0,1,0.16,0.502,0.5267,0.6581,1.0,0.7261,0,1,0,3.324,0,0,1,0,3.396,0,0,1,0,2.8633,0
contact_insertion_015,contact_insertion,0,1,0.12,0.7864,0.7146,0.6936,0.8101,0.7809,1,0,1,9.6882,0,0,1,0,2.9242,0,0,1,0,2.4027,0
contact_insertion_016,contact_insertion,0,1,0.16,0.4965,0.6793,0.4036,0.9549,0.5054,0,1,0,3.2338,0,0,1,0,3.3058,0,0,1,0,2.9513,0
contact_insertion_017,contact_insertion,0,1,0.04,0.5282,0.3732,0.7067,0.9034,0.7661,0,1,0,2.9628,0,0,1,0,2.9988,0,0,1,0,2.4681,0
contact_insertion_018,contact_insertion,0,1,0.12,0.5613,0.4023,0.0892,1.0,0.5789,0,1,0,3.268,1,0,1,0,3.304,1,0,1,0,3.2056,0
contact_insertion_019,contact_insertion,0,1,0.1,0.6535,0.3769,0.3886,0.9093,0.9119,1,0,1,9.8586,1,0,1,0,3.0766,1,0,1,0,2.7866,0
contact_insertion_020,contact_insertion,0,1,0.02,0.6304,0.4876,0.4874,1.0,0.6225,1,0,1,9.928,1,0,1,0,3.182,1,0,1,0,2.7868,0
contact_insertion_021,contact_insertion,0,1,0.12,0.8678,0.4874,0.5195,0.7953,0.7573,1,0,1,9.6586,0,0,1,0,2.8946,0,0,1,0,2.495,0
contact_insertion_022,contact_insertion,0,1,0.0,0.5627,0.3842,0.3356,0.9374,0.7062,0,1,0,2.9748,1,0,1,0,3.0468,1,0,1,0,2.7399,0
contact_insertion_023,contact_insertion,0,1,0.06,0.8067,0.3087,0.0661,0.9352,0.5546,1,0,1,9.8544,0,0,1,0,3.0724,0,0,1,0,3.0081,0
contact_insertion_024,contact_insertion,0,1,0.1,0.3831,0.4905,0.4804,0.9894,0.9333,0,1,0,3.2188,0,0,1,0,3.2368,0,0,1,0,2.8825,0
contact_insertion_025,contact_insertion,0,1,0.0,0.585,0.4987,0.5147,0.6441,0.6785,0,1,0,2.3882,1,0,1,0,2.4602,1,0,1,0,2.0279,0
contact_insertion_026,contact_insertion,0,1,0.06,0.3803,0.3462,0.168,0.7843,0.6751,0,1,0,2.7526,0,0,1,0,2.7706,0,0,1,0,2.635,0
contact_insertion_027,contact_insertion,0,1,0.06,0.8036,0.4256,0.262,0.7571,0.6404,1,0,1,9.4982,0,0,1,0,2.7162,0,0,1,0,2.5148,0
contact_insertion_028,contact_insertion,0,1,0.04,0.8361,0.4457,0.2709,0.9412,0.5538,1,0,1,9.8384,0,0,1,0,3.0744,0,0,1,0,2.8488,0
contact_insertion_029,contact_insertion,0,1,0.06,0.7338,0.3619,0.4235,0.8233,0.6512,1,0,1,9.6306,0,0,1,0,2.8486,0,0,1,0,2.5341,0
contact_insertion_030,contact_insertion,0,1,0.16,0.6728,0.4756,0.1332,0.6867,0.8394,1,0,1,9.4974,1,0,1,0,2.7694,1,0,1,0,2.6042,0
contact_insertion_031,contact_insertion,0,1,0.02,0.5117,0.3932,0.752,1.0,0.8869,0,1,0,3.128,0,0,1,0,3.182,0,0,1,0,2.6016,0
contact_insertion_032,contact_insertion,0,1,0.0,0.6592,0.5005,0.4325,1.0,0.5379,1,0,1,9.9,1,1,0,1,9.972,1,0,1,0,2.7973,0
contact_insertion_033,contact_insertion,0,1,0.08,0.8678,0.3691,0.4488,0.7929,0.7729,1,0,1,9.5978,0,0,1,0,2.7978,0,0,1,0,2.4836,0
contact_insertion_034,contact_insertion,0,1,0.08,0.5447,0.4794,0.2466,1.0,0.924,0,1,0,3.212,0,0,1,0,3.212,0,0,1,0,3.0394,0
contact_insertion_035,contact_insertion,0,1,0.08,0.5841,0.5597,0.392,0.8375,0.7563,0,1,0,2.887,1,1,0,1,9.687,1,0,1,0,2.6126,0
contact_insertion_036,contact_insertion,0,1,0.12,0.81,0.4375,0.3844,0.82,1.0,1,0,1,9.708,0,0,1,0,2.944,0,0,1,0,2.6389,0
contact_insertion_037,contact_insertion,0,1,0.1,0.7734,0.4071,0.4436,0.845,0.4827,1,0,1,9.73,0,0,1,0,2.948,0,0,1,0,2.6195,0
contact_insertion_038,contact_insertion,0,1,0.1,0.7338,0.4796,0.5255,0.9333,0.557,1,0,1,9.9066,0,0,1,0,3.1246,0,0,1,0,2.7388,0
contact_insertion_039,contact_insertion,0,1,0.0,0.5216,0.4122,0.2037,0.9152,0.841,0,1,0,2.9304,0,0,1,0,3.0024,0,0,1,0,2.7878,0
contact_insertion_040,contact_insertion,0,1,0.16,1.0,0.4582,0.5649,0.7957,0.9324,1,0,1,9.7154,0,0,1,0,2.9874,0,0,1,0,2.52,0
contact_insertion_041,contact_insertion,0,1,0.02,0.6639,0.4664,0.4231,0.8088,0.6742,1,0,1,9.5456,1,0,1,0,2.7996,1,0,1,0,2.4494,0
contact_insertion_042,contact_insertion,0,1,0.02,0.9611,0.3401,0.2723,0.7337,0.4887,1,0,1,9.3954,0,0,1,0,2.6494,0,0,1,0,2.4048,0
contact_insertion_043,contact_insertion,0,1,0.16,0.6767,0.5662,0.419,0.7005,0.7167,1,0,1,9.525,1,0,1,0,2.797,1,0,1,0,2.4317,0
contact_insertion_044,contact_insertion,0,1,0.08,0.7759,0.4351,0.5801,0.9059,0.6976,1,0,1,9.8238,0,0,1,0,3.0238,0,0,1,0,2.6177,0
contact_insertion_045,contact_insertion,0,1,0.04,0.6429,0.4201,0.1889,0.8365,0.7771,1,0,1,9.629,1,0,1,0,2.865,1,0,1,0,2.6968,0
contact_insertion_046,contact_insertion,0,1,0.1,0.3195,0.331,0.4065,0.9597,0.5549,0,1,0,3.1594,0,0,1,0,3.1774,0,0,1,0,2.8749,0
contact_insertion_047,contact_insertion,0,1,0.0,0.7233,0.3547,0.7097,0.7997,0.7298,1,0,1,9.4994,0,0,1,0,2.7714,0,0,1,0,2.2026,0
contact_insertion_048,contact_insertion,0,1,0.16,0.4312,0.3824,0.419,0.7801,0.5163,0,1,0,2.8842,0,0,1,0,2.9562,0,0,1,0,2.5909,0
contact_insertion_049,contact_insertion,0,1,0.02,0.7676,0.526,0.5036,0.914,0.4703,1,0,1,9.756,0,1,0,1,9.81,0,0,1,0,2.6035,0
contact_insertion_050,contact_insertion,0,1,0.16,0.8707,0.0763,0.3475,0.7845,0.5338,1,0,1,9.693,0,0,1,0,2.965,0,0,1,0,2.6498,0
contact_insertion_051,contact_insertion,0,1,0.0,0.5527,0.3778,0.5613,0.9724,0.6818,0,1,0,3.0448,1,0,1,0,3.1168,1,0,1,0,2.6519,0
contact_insertion_052,contact_insertion,0,1,0.0,0.5335,0.6333,0.184,0.9598,0.2818,0,1,0,3.0196,0,1,0,1,9.8916,0,0,1,0,2.8908,0
contact_insertion_053,contact_insertion,0,1,0.1,0.3122,0.5409,0.5195,1.0,0.612,0,1,0,3.24,0,0,1,0,3.258,0,0,1,0,2.8764,0
contact_insertion_054,contact_insertion,0,1,0.04,0.4756,0.3197,0.1623,0.8367,0.8192,0,1,0,2.8294,0,0,1,0,2.8654,0,0,1,0,2.7158,0
contact_insertion_055,contact_insertion,0,1,0.04,0.5523,0.4482,0.349,0.9435,0.7033,0,1,0,3.043,1,0,1,0,3.079,1,0,1,0,2.7987,0
contact_insertion_056,contact_insertion,0,1,0.04,0.3423,0.3951,0.4456,0.8395,0.6885,0,1,0,2.835,0,0,1,0,2.871,0,0,1,0,2.5231,0
contact_insertion_057,contact_insertion,0,1,0.1,0.5324,0.6616,0.6913,0.7321,0.9327,0,1,0,2.7042,0,0,1,0,2.7222,0,0,1,0,2.2203,0
contact_insertion_058,contact_insertion,0,1,0.0,0.65,0.2995,0.3292,0.9883,0.7346,1,0,1,9.8766,1,0,1,0,3.1486,1,0,1,0,2.8462,0
contact_insertion_059,contact_insertion,0,1,0.12,0.6735,0.5314,0.3958,0.7254,0.6208,1,0,1,9.5188,1,0,1,0,2.7548,1,0,1,0,2.4417,0
contact_insertion_060,contact_insertion,0,1,0.02,0.7793,0.4042,0.419,0.9591,0.714,1,0,1,9.8462,0,0,1,0,3.1002,0,0,1,0,2.7529,0
contact_insertion_061,contact_insertion,0,1,0.04,0.5039,0.2905,0.4402,0.6102,0.6425,0,1,0,2.3764,0,0,1,0,2.4124,0,0,1,0,2.0683,0
contact_insertion_062,contact_insertion,0,1,0.06,0.4915,0.4091,0.147,0.8715,0.7208,0,1,0,2.927,0,0,1,0,2.945,0,0,1,0,2.8241,0
contact_insertion_063,contact_insertion,0,1,0.16,0.5879,0.6028,0.4553,0.7418,0.62,0,1,0,2.8076,1,0,1,0,2.8796,1,0,1,0,2.4889,0
contact_insertion_064,contact_insertion,0,1,0.12,0.4159,0.5232,0.2573,0.7857,0.4347,0,1,0,2.8394,0,0,1,0,2.8754,0,0,1,0,2.6593,0
contact_insertion_065,contact_insertion,0,1,0.02,0.8323,0.3069,0.1782,0.9493,0.8388,1,0,1,9.8266,0,0,1,0,3.0806,0,0,1,0,2.9019,0
contact_insertion_066,contact_insertion,0,1,0.16,0.8632,0.137,0.504,0.9462,0.5228,1,0,1,10.0164,0,0,1,0,3.2884,0,0,1,0,2.8636,0
contact_insertion_067,contact_insertion,0,1,0.04,0.7117,0.2967,0.1408,0.6108,0.4788,1,0,1,9.1776,0,0,1,0,2.4136,0,0,1,0,2.279,0
contact_insertion_068,contact_insertion,0,1,0.06,1.0,0.3208,0.6334,0.9741,0.6781,1,0,1,9.9322,0,0,1,0,3.1502,0,0,1,0,2.6888,0
contact_insertion_069,contact_insertion,0,1,0.08,0.6494,0.4898,0.3868,0.9952,0.5043,1,0,1,10.0024,1,0,1,0,3.2024,1,0,1,0,2.9316,0
contact_insertion_070,contact_insertion,0,1,0.1,0.9154,0.4972,0.2492,0.8163,0.3474,1,0,1,9.6726,0,0,1,0,2.8906,0,0,1,0,2.6982,0
contact_insertion_071,contact_insertion,0,1,0.06,0.8469,0.4395,0.3575,0.7773,0.6723,1,0,1,9.5386,0,0,1,0,2.7566,0,0,1,0,2.4884,0
contact_insertion_072,contact_insertion,0,1,0.06,0.5983,0.44,0.8644,0.7328,0.6979,0,1,0,2.6496,1,0,1,0,2.6676,1,0,1,0,2.0445,0
contact_insertion_073,contact_insertion,0,1,0.1,0.6229,0.3452,0.3744,0.7119,0.5506,1,0,1,9.4638,1,0,1,0,2.6818,1,0,1,0,2.4017,0
contact_insertion_074,contact_insertion,0,1,0.02,0.6798,0.448,0.593,0.9366,0.5765,1,0,1,9.8012,1,0,1,0,3.0552,1,0,1,0,2.5861,0
contact_insertion_075,contact_insertion,0,1,0.02,0.6693,0.4135,0.3431,0.8936,0.7748,1,0,1,9.7152,1,0,1,0,2.9692,1,0,1,0,2.675,0
contact_insertion_076,contact_insertion,0,1,0.1,0.5482,0.6556,0.3294,0.7341,0.9161,0,1,0,2.7082,0,0,1,0,2.7262,0,0,1,0,2.4776,0
contact_insertion_077,contact_insertion,0,1,0.08,0.6026,0.6232,0.4984,0.8048,0.9466,0,1,0,2.8216,1,1,0,1,9.6216,1,0,1,0,2.4727,0
contact_insertion_078,contact_insertion,0,1,0.16,0.7301,0.3107,0.635,0.8596,0.5151,1,0,1,9.8432,0,0,1,0,3.1152,0,0,1,0,2.5987,0
contact_insertion_079,contact_insertion,0,1,0.04,0.3256,0.3708,0.2565,1.0,0.7592,0,1,0,3.156,0,0,1,0,3.192,0,0,1,0,2.9765,0
contact_insertion_080,contact_insertion,0,1,0.04,0.7721,0.5431,0.3621,0.5821,0.6306,1,0,1,9.1202,0,1,0,1,9.1562,0,0,1,0,2.0667,0
contact_insertion_081,contact_insertion,0,1,0.06,0.7662,0.4748,0.6242,0.8255,0.7946,1,0,1,9.635,0,0,1,0,2.853,0,0,1,0,2.3981,0
contact_insertion_082,contact_insertion,0,1,0.16,0.6439,0.2689,0.3979,0.7815,0.417,1,0,1,9.687,1,0,1,0,2.959,1,0,1,0,2.6085,0
contact_insertion_083,contact_insertion,0,1,0.02,0.6343,0.4443,0.0951,0.8073,0.6285,1,0,1,9.5426,1,0,1,0,2.7966,1,0,1,0,2.676,0
contact_insertion_084,contact_insertion,0,1,0.06,0.9388,0.3763,0.6416,0.8257,0.8339,1,0,1,9.6354,0,0,1,0,2.8534,0,0,1,0,2.3863,0
contact_insertion_085,contact_insertion,0,1,0.1,0.5508,0.337,0.6581,0.7285,0.7035,0,1,0,2.697,1,0,1,0,2.715,1,0,1,0,2.2363,0
contact_insertion_086,contact_insertion,0,1,0.12,0.6973,0.3002,0.1176,1.0,0.4271,1,0,1,10.068,0,0,1,0,3.304,0,0,1,0,3.1857,0
contact_insertion_087,contact_insertion,0,1,0.02,0.5914,0.2591,0.5675,0.8242,0.6722,0,1,0,2.7764,1,0,1,0,2.8304,1,0,1,0,2.3792,0
contact_insertion_088,contact_insertion,0,1,0.12,0.8557,0.3423,0.39,1.0,0.5289,1,0,1,10.068,0,0,1,0,3.304,0,0,1,0,2.995,0
contact_insertion_089,contact_insertion,0,1,0.04,0.6957,0.2284,0.5861,0.6662,0.6579,1,0,1,9.2884,0,0,1,0,2.5244,0,0,1,0,2.0781,0
contact_insertion_090,contact_insertion,0,1,0.04,0.6887,0.3405,0.2302,0.6444,0.9693,1,0,1,9.2448,1,0,1,0,2.4808,1,0,1,0,2.2837,0
contact_insertion_091,contact_insertion,0,1,0.12,0.8816,0.5368,0.4802,0.9531,0.522,1,0,1,9.9742,0,0,1,0,3.2102,0,0,1,0,2.8381,0
contact_insertion_092,contact_insertion,0,1,0.08,0.8627,0.2361,0.2132,1.0,0.7002,1,0,1,10.012,0,0,1,0,3.212,0,0,1,0,3.0628,0
contact_insertion_093,contact_insertion,0,1,0.02,0.6463,0.3789,0.4589,0.7887,0.6893,1,0,1,9.5054,1,0,1,0,2.7594,1,0,1,0,2.3842,0
contact_insertion_094,contact_insertion,0,1,0.02,0.7034,0.5964,0.4766,0.7162,0.7802,1,0,1,9.3604,0,1,0,1,9.4144,0,0,1,0,2.2268,0
contact_insertion_095,contact_insertion,0,1,0.04,0.8543,0.5089,0.3221,0.8584,0.335,1,0,1,9.6728,0,1,0,1,9.7088,0,0,1,0,2.6473,0
contact_insertion_096,contact_insertion,0,1,0.12,0.7943,0.4124,0.2589,0.8241,0.7386,1,0,1,9.7162,0,0,1,0,2.9522,0,0,1,0,2.735,0
contact_insertion_097,contact_insertion,0,1,0.04,0.3307,0.4694,0.4494,0.762,0.5192,0,1,0,2.68,0,0,1,0,2.716,0,0,1,0,2.3654,0
contact_insertion_098,contact_insertion,0,1,0.08,0.6822,0.5555,0.3892,0.7929,0.7403,1,0,1,9.5978,1,1,0,1,9.5978,1,0,1,0,2.5254,0
contact_insertion_099,contact_insertion,0,1,0.08,0.8272,0.1403,0.3836,0.8392,0.448,1,0,1,9.6904,0,0,1,0,2.8904,0,0,1,0,2.6219,0
human_handover_000,human_handover,1,0,0.08,0.6174,0.812,0.7231,0.0835,0.3537,0,0,0,2.479,1,1,1,0,1.379,1,1,1,0,0.8728,0
human_handover_001,human_handover,1,0,0.02,0.7202,0.6488,0.6659,0.5296,0.0049,1,1,0,2.1872,0,1,1,0,2.2412,0,1,1,0,1.7211,0
human_handover_002,human_handover,1,0,0.16,1.0,0.9901,0.6687,0.2971,0.1948,1,1,0,1.9182,0,0,0,0,3.0902,0,1,1,0,1.4501,0
human_handover_003,human_handover,1,0,0.1,0.5874,0.809,0.5215,0.2999,0.3722,0,0,0,2.9398,1,0,0,0,2.9578,1,1,1,0,1.4748,0
human_handover_004,human_handover,1,0,0.16,0.4354,0.6074,0.629,0.4707,0.2128,0,0,0,3.3654,0,0,0,0,3.4374,0,0,0,0,2.9251,0
human_handover_005,human_handover,1,0,0.0,0.5868,0.6887,0.8195,0.084,0.1871,0,0,0,2.368,1,1,1,0,1.34,1,1,1,0,0.6944,0
human_handover_006,human_handover,1,0,0.1,0.5709,0.5972,0.7425,0.1548,0.4177,0,0,0,2.6496,1,0,0,0,2.6676,1,1,1,0,1.0299,0
human_handover_007,human_handover,0,0,0.1,0.7622,0.5053,0.6257,0.215,0.2068,1,0,0,1.67,0,0,1,0,1.688,0,0,1,0,1.232,0
human_handover_008,human_handover,1,0,0.12,0.5394,0.725,0.6642,0.2905,0.1824,0,0,0,2.949,0,0,0,0,2.985,0,0,0,0,2.4841,0
human_handover_009,human_handover,1,0,0.02,0.6721,0.6375,0.7925,0.1403,0.2217,1,1,0,1.4086,1,1,1,0,1.4626,1,1,1,0,0.8539,0
human_handover_010,human_handover,1,0,0.02,0.7453,0.8528,0.6869,0.5284,0.1043,1,1,0,2.1848,0,1,1,0,2.2388,0,1,1,0,1.704,0
human_handover_011,human_handover,1,0,0.12,0.7673,0.7794,0.7542,0.3474,0.1743,1,1,0,1.9628,0,0,0,0,3.0988,0,1,1,0,1.4349,0
human_handover_012,human_handover,1,0,0.02,0.5514,0.8388,0.48,0.1855,0.0972,0,0,0,2.599,1,1,1,0,1.553,1,0,0,0,2.263,0
human_handover_013,human_handover,1,0,0.16,0.787,0.8955,0.5898,0.2235,0.446,1,1,0,1.771,0,0,0,0,2.943,0,1,1,0,1.3581,0
human_handover_014,human_handover,1,0,0.16,0.7896,0.8442,0.6253,0.2341,0.1522,1,1,0,1.7922,0,0,0,0,2.9642,0,1,1,0,1.3545,0
human_handover_015,human_handover,1,0,0.1,0.6578,0.9061,0.6413,0.0,0.0,1,1,0,1.24,1,0,0,0,2.358,1,1,1,0,0.7911,0
human_handover_016,human_handover,1,0,0.08,1.0,0.6984,0.9147,0.0565,0.1792,1,1,0,1.325,0,1,1,0,1.325,0,1,1,0,0.6847,0
human_handover_017,human_handover,0,0,0.04,0.4144,0.487,0.7925,0.0,0.3055,0,1,0,1.156,0,0,1,0,1.192,0,0,1,0,0.6013,0
human_handover_018,human_handover,1,0,0.16,0.8938,0.7615,0.5261,0.3948,0.3899,1,1,0,2.1136,0,0,0,0,3.2856,0,1,1,0,1.7453,0
human_handover_019,human_handover,1,0,0.16,0.5955,0.7722,0.5287,0.2938,0.0672,0,0,0,3.0116,1,0,0,0,3.0836,1,1,1,0,1.5415,0
human_handover_020,human_handover,1,0,0.1,0.6295,0.9679,0.8741,0.0472,0.385,1,1,0,1.3344,1,0,0,0,2.4524,1,1,1,0,0.7225,0
human_handover_021,human_handover,1,0,0.1,0.6053,0.6151,0.4372,0.324,0.0,0,0,0,2.988,1,0,0,0,3.006,1,0,0,0,2.682,0
human_handover_022,human_handover,1,0,0.0,0.5878,0.6,0.5728,0.3537,0.0799,0,0,0,2.9074,1,1,1,0,1.8794,1,1,1,0,1.4064,0
human_handover_023,human_handover,1,0,0.04,0.643,0.8298,0.5254,0.3835,0.2478,1,1,0,1.923,1,1,1,0,1.959,1,1,1,0,1.5552,0
human_handover_024,human_handover,1,0,0.12,0.6812,0.7108,0.5754,0.1989,0.0686,1,1,0,1.6658,1,0,0,0,2.8018,1,1,1,0,1.263,0
human_handover_025,human_handover,1,0,0.1,0.8103,0.9458,0.4556,0.1615,0.2177,1,1,0,1.563,0,0,0,0,2.681,0,0,0,0,2.3441,0
human_handover_026,human_handover,1,0,0.04,0.6717,0.8566,0.7045,0.2154,0.1642,1,1,0,1.5868,1,1,1,0,1.6228,1,1,1,0,1.0937,0
human_handover_027,human_handover,1,0,0.12,0.5154,0.7877,0.5953,0.2643,0.2085,0,0,0,2.8966,0,0,0,0,2.9326,0,0,0,0,2.4799,0
human_handover_028,human_handover,1,0,0.06,0.5072,1.0,0.4166,0.5719,0.2172,0,0,0,3.4278,0,1,1,0,2.3458,0,0,0,0,3.1362,0
human_handover_029,human_handover,1,0,0.08,0.8332,0.6411,0.6901,0.1351,0.3595,1,1,0,1.4822,0,1,1,0,1.4822,0,1,1,0,0.9991,0
human_handover_030,human_handover,1,0,0.06,0.5897,0.9717,0.544,0.3371,0.2222,0,0,0,2.9582,1,1,1,0,1.8762,1,1,1,0,1.4774,0
human_handover_031,human_handover,1,0,0.02,0.8185,0.7177,0.669,0.4311,0.2473,1,1,0,1.9902,0,1,1,0,2.0442,0,1,1,0,1.5219,0
human_handover_032,human_handover,1,0,0.02,0.7944,0.8578,0.7428,0.2616,0.2398,1,1,0,1.6512,0,1,1,0,1.7052,0,1,1,0,1.1312,0
human_handover_033,human_handover,0,0,0.06,0.7907,0.5159,0.508,0.1311,0.3332,1,0,0,1.4462,0,1,0,0,1.4642,0,0,1,0,1.0906,0
human_handover_034,human_handover,1,0,0.0,0.706,0.8172,0.5769,0.0022,0.4698,1,1,0,1.1044,0,1,1,0,1.1764,0,1,1,0,0.7006,0
human_handover_035,human_handover,1,0,0.16,0.8452,0.7601,0.8102,0.1923,0.3484,1,1,0,1.7086,0,0,0,0,2.8806,0,1,1,0,1.1415,0
human_handover_036,human_handover,1,0,0.02,0.7442,0.7394,0.4302,0.2583,0.1255,1,1,0,1.6446,0,1,1,0,1.6986,0,0,0,0,2.4435,0
human_handover_037,human_handover,1,0,0.04,0.7762,0.8595,0.9263,0.4822,0.1817,1,1,0,2.1204,0,1,1,0,2.1564,0,1,1,0,1.472,0
human_handover_038,human_handover,1,0,0.04,0.874,0.7619,0.5835,0.4965,0.0237,1,1,0,2.149,0,1,1,0,2.185,0,1,1,0,1.7406,0
human_handover_039,human_handover,1,0,0.02,0.6081,0.9522,0.485,0.0756,0.3182,0,0,0,2.3792,1,1,1,0,1.3332,1,1,1,0,0.9397,0
human_handover_040,human_handover,1,0,0.08,0.7394,0.837,0.9127,0.3482,0.0895,1,1,0,1.9084,0,1,1,0,1.9084,0,1,1,0,1.2695,0
human_handover_041,human_handover,1,0,0.08,0.7414,0.6466,0.6118,0.5015,0.1413,1,1,0,2.215,0,1,1,0,2.215,0,1,1,0,1.7867,0
human_handover_042,human_handover,1,0,0.02,0.6641,0.6172,0.4388,0.2066,0.0587,1,1,0,1.5412,1,1,1,0,1.5952,1,0,0,0,2.334,0
human_handover_043,human_handover,1,0,0.16,0.7011,0.7433,0.7875,0.1186,0.3069,1,1,0,1.5612,0,0,0,0,2.7332,0,1,1,0,1.01,0
human_handover_044,human_handover,1,0,0.06,0.8264,0.712,0.6327,0.4851,0.2576,1,1,0,2.1542,0,1,1,0,2.1722,0,1,1,0,1.7113,0
human_handover_045,human_handover,1,0,0.08,0.7282,0.7279,0.8618,0.4554,0.0666,1,1,0,2.1228,0,1,1,0,2.1228,0,1,1,0,1.5195,0
human_handover_046,human_handover,1,0,0.0,0.72,0.9376,0.9182,0.4167,0.3041,1,1,0,1.9334,0,1,1,0,2.0054,0,1,1,0,1.2907,0
human_handover_047,human_handover,1,0,0.04,0.4009,0.9971,0.6994,0.4088,0.2232,0,0,0,3.0736,0,1,1,0,2.0096,0,0,0,0,2.584,0
human_handover_048,human_handover,1,0,0.0,0.7505,1.0,0.6578,0.2679,0.2422,1,1,0,1.6358,0,1,1,0,1.7078,0,1,1,0,1.1753,0
human_handover_049,human_handover,1,0,0.06,0.4653,0.8521,0.8217,0.2243,0.2323,0,0,0,2.7326,0,1,1,0,1.6506,0,0,0,0,2.1574,0
human_handover_050,human_handover,1,0,0.0,0.6653,0.7532,0.7488,0.1616,0.2179,1,1,0,1.4232,1,1,1,0,1.4952,1,1,1,0,0.899,0
human_handover_051,human_handover,1,0,0.02,0.6735,0.8011,0.6116,0.3517,0.071,1,1,0,1.8314,1,1,1,0,1.8854,1,1,1,0,1.4033,0
human_handover_052,human_handover,1,0,0.12,0.9631,0.9101,0.597,0.0256,0.1349,1,1,0,1.3192,0,0,0,0,2.4552,0,1,1,0,0.9013,0
human_handover_053,human_handover,1,0,0.12,0.6961,1.0,0.8799,0.1696,0.4692,1,1,0,1.6072,0,0,0,0,2.7432,0,1,1,0,0.9913,0
human_handover_054,human_handover,1,0,0.04,0.8966,0.9761,0.3799,0.2551,0.3704,1,1,0,1.6662,0,1,1,0,1.7022,0,0,0,0,2.5003,0
human_handover_055,human_handover,1,0,0.0,0.7548,0.6256,0.6906,0.3527,0.207,1,1,0,1.8054,0,1,1,0,1.8774,0,1,1,0,1.322,0
human_handover_056,human_handover,1,0,0.0,0.7182,1.0,0.4582,0.282,0.201,1,1,0,1.664,0,1,1,0,1.736,0,0,0,0,2.4433,0
human_handover_057,human_handover,1,0,0.12,0.5301,0.96,0.6798,0.1816,0.3869,0,0,0,2.7312,0,0,0,0,2.7672,0,0,0,0,2.2553,0
human_handover_058,human_handover,1,0,0.12,0.99,0.7376,0.4731,0.0,0.2135,1,1,0,1.268,0,0,0,0,2.404,0,0,0,0,2.0368,0
human_handover_059,human_handover,1,0,0.02,0.8654,0.7299,0.9194,0.2802,0.0,1,1,0,1.6884,0,1,1,0,1.7424,0,1,1,0,1.0448,0
human_handover_060,human_handover,1,0,0.1,0.9298,0.8265,0.4087,0.3989,0.2997,1,1,0,2.0378,0,0,0,0,3.1558,0,0,0,0,2.8517,0
human_handover_061,human_handover,1,0,0.1,0.8079,1.0,0.5173,0.2746,0.4397,1,1,0,1.7892,0,0,0,0,2.9072,0,1,1,0,1.4271,0
human_handover_062,human_handover,1,0,0.04,0.8112,0.6718,0.7599,0.482,0.1423,1,1,0,2.12,0,1,1,0,2.156,0,1,1,0,1.5881,0
human_handover_063,human_handover,1,0,0.1,0.5206,0.8519,0.875,0.1359,0.0597,0,0,0,2.6118,0,0,0,0,2.6298,0,0,0,0,1.9993,0
human_handover_064,human_handover,1,0,0.08,0.879,0.6675,0.7583,0.3681,0.331,1,1,0,1.9482,0,1,1,0,1.9482,0,1,1,0,1.4174,0
human_handover_065,human_handover,1,0,0.0,0.8665,0.8291,0.4775,0.4085,0.2546,1,1,0,1.917,0,1,1,0,1.989,0,0,0,0,2.6828,0
human_handover_066,human_handover,1,0,0.08,0.7274,0.9999,0.488,0.2047,0.1889,1,1,0,1.6214,0,1,1,0,1.6214,0,1,1,0,1.2798,0
human_handover_067,human_handover,1,0,0.02,0.9684,0.815,0.8655,0.3883,0.1037,1,1,0,1.9046,0,1,1,0,1.9586,0,1,1,0,1.2988,0
human_handover_068,human_handover,1,0,0.1,0.7435,0.6796,0.7732,0.4219,0.3659,1,1,0,2.0838,0,0,0,0,3.2018,0,1,1,0,1.5426,0
human_handover_069,human_handover,1,0,0.06,0.5666,0.794,0.4731,0.4824,0.0406,0,0,0,3.2488,1,1,1,0,2.1668,1,0,0,0,2.9176,0
human_handover_070,human_handover,1,0,0.08,1.0,0.6679,0.6269,0.4291,0.3629,1,1,0,2.0702,0,1,1,0,2.0702,0,1,1,0,1.6314,0
human_handover_071,human_handover,1,0,0.12,0.7461,0.6168,0.6642,0.1258,0.184,1,1,0,1.5196,0,0,0,0,2.6556,0,1,1,0,1.0547,0
human_handover_072,human_handover,1,0,0.16,0.6364,0.9323,0.8575,0.337,0.2235,1,1,0,1.998,1,0,0,0,3.17,1,1,1,0,1.3978,0
human_handover_073,human_handover,1,0,0.0,0.9169,0.9765,1.0,0.3502,0.1932,1,1,0,1.8004,0,1,1,0,1.8724,0,1,1,0,1.1004,0
human_handover_074,human_handover,1,0,0.06,0.7136,0.7452,0.6198,0.2884,0.0557,1,1,0,1.7608,0,1,1,0,1.7788,0,1,1,0,1.3269,0
human_handover_075,human_handover,1,0,0.12,0.8891,0.7172,0.6949,0.2496,0.1897,1,1,0,1.7672,0,0,0,0,2.9032,0,1,1,0,1.2808,0
human_handover_076,human_handover,1,0,0.12,0.6941,0.8334,0.9092,0.0471,0.3484,1,1,0,1.3622,0,0,0,0,2.4982,0,1,1,0,0.7258,0
human_handover_077,human_handover,1,0,0.1,0.6772,0.6772,0.5084,0.1533,0.2916,1,1,0,1.5466,1,0,0,0,2.6646,1,1,1,0,1.1907,0
human_handover_078,human_handover,1,0,0.1,0.6939,0.8263,1.0,0.3451,0.4839,1,1,0,1.9302,0,0,0,0,3.0482,0,1,1,0,1.2302,0
human_handover_079,human_handover,1,0,0.02,0.854,0.8268,0.664,0.1703,0.0882,1,1,0,1.4686,0,1,1,0,1.5226,0,1,1,0,1.0038,0
human_handover_080,human_handover,1,0,0.12,0.5075,0.8646,0.5547,0.202,0.4863,0,0,0,2.772,0,0,0,0,2.808,0,0,0,0,2.3837,0
human_handover_081,human_handover,1,0,0.06,0.8229,0.9038,0.5928,0.4829,0.3136,1,1,0,2.1498,0,1,1,0,2.1678,0,1,1,0,1.7348,0
human_handover_082,human_handover,1,0,0.0,0.7426,0.9167,0.7691,0.3337,0.5036,1,1,0,1.7674,0,1,1,0,1.8394,0,1,1,0,1.229,0
human_handover_083,human_handover,1,0,0.08,0.8743,0.7674,0.6905,0.2214,0.3336,1,1,0,1.6548,0,1,1,0,1.6548,0,1,1,0,1.1715,0
human_handover_084,human_handover,1,0,0.12,0.9001,0.5955,0.5667,0.1621,0.3031,1,1,0,1.5922,0,0,0,0,2.7282,0,1,1,0,1.1955,0
human_handover_085,human_handover,1,0,0.06,0.8782,1.0,0.6732,0.3372,0.4558,1,1,0,1.8584,0,1,1,0,1.8764,0,1,1,0,1.3872,0
human_handover_086,human_handover,1,0,0.16,0.8773,0.616,0.7779,0.348,0.3054,1,1,0,2.02,0,0,0,0,3.192,0,1,1,0,1.4755,0
human_handover_087,human_handover,1,0,0.0,0.6894,0.9648,0.8814,0.4362,0.3908,1,1,0,1.9724,1,1,1,0,2.0444,1,1,1,0,1.3554,0
human_handover_088,human_handover,1,0,0.02,0.726,0.828,0.7279,0.1767,0.3941,1,1,0,1.4814,0,1,1,0,1.5354,0,1,1,0,0.9719,0
human_handover_089,human_handover,1,0,0.12,0.7389,0.7053,0.5309,0.1388,0.3186,1,1,0,1.5456,0,0,0,0,2.6816,0,1,1,0,1.174,0
human_handover_090,human_handover,1,0,0.1,0.8245,0.7713,0.5874,0.3157,0.0964,1,1,0,1.8714,0,0,0,0,2.9894,0,1,1,0,1.4602,0
human_handover_091,human_handover,1,0,0.16,0.7999,0.5939,0.8493,0.4489,0.0402,1,1,0,2.2218,0,0,0,0,3.3938,0,1,1,0,1.6273,0
human_handover_092,human_handover,1,0,0.04,0.7933,0.8164,0.6606,0.5328,0.1996,1,1,0,2.2216,0,1,1,0,2.2576,0,1,1,0,1.7592,0
human_handover_093,human_handover,0,0,0.04,0.7943,0.7294,0.902,0.6454,0.1353,1,0,0,2.4468,0,1,0,0,2.4828,0,1,0,0,1.8154,0
human_handover_094,human_handover,1,0,0.06,0.9271,0.5574,0.5862,0.2227,0.5042,1,1,0,1.6294,0,1,1,0,1.6474,0,0,0,0,2.3191,0
human_handover_095,human_handover,1,0,0.08,0.7848,0.8278,0.8302,0.0799,0.3282,1,1,0,1.3718,0,1,1,0,1.3718,0,1,1,0,0.7907,0
human_handover_096,human_handover,1,0,0.16,0.8952,0.8494,0.6398,0.3494,0.1912,1,1,0,2.0228,0,0,0,0,3.1948,0,1,1,0,1.5749,0
human_handover_097,human_handover,1,0,0.04,0.9008,0.6702,0.5648,0.0,0.4544,1,1,0,1.156,0,1,1,0,1.192,0,1,1,0,0.7606,0
human_handover_098,human_handover,1,0,0.12,0.705,0.5492,0.447,0.1419,0.1237,1,1,0,1.5518,0,0,0,0,2.6878,0,0,0,0,2.3389,0
human_handover_099,human_handover,1,0,0.04,0.672,0.7213,0.6471,0.1883,0.2336,1,1,0,1.5326,1,1,1,0,1.5686,1,1,1,0,1.0796,0
slip_recovery_000,slip_recovery,0,1,0.06,0.6353,0.5695,0.264,0.9896,0.7673,1,0,1,9.9632,1,1,0,1,9.9812,1,0,1,0,2.9784,0
slip_recovery_001,slip_recovery,0,1,0.0,0.5575,0.2855,0.3617,0.7277,0.7375,0,1,0,2.5554,1,0,1,0,2.6274,1,0,1,0,2.3022,0
slip_recovery_002,slip_recovery,0,1,0.08,0.5761,0.4529,0.3329,0.8378,0.9692,0,1,0,2.8876,1,0,1,0,2.8876,1,0,1,0,2.6546,0
slip_recovery_003,slip_recovery,0,1,0.08,0.7256,0.2045,0.4125,0.9335,0.6871,1,0,1,9.879,0,0,1,0,3.079,0,0,1,0,2.7903,0
slip_recovery_004,slip_recovery,0,1,0.1,0.5357,0.4252,0.2476,0.7464,0.6404,0,1,0,2.7328,0,0,1,0,2.7508,0,0,1,0,2.5595,0
slip_recovery_005,slip_recovery,0,1,0.08,0.7173,0.2468,0.2952,1.0,0.8455,1,0,1,10.012,0,0,1,0,3.212,0,0,1,0,3.0054,0
slip_recovery_006,slip_recovery,0,1,0.08,0.7228,0.5641,0.0434,1.0,0.6627,1,0,1,10.012,0,1,0,1,10.012,0,0,1,0,3.1816,0
slip_recovery_007,slip_recovery,0,1,0.02,0.7195,0.424,0.3413,0.8532,0.7333,1,0,1,9.6344,0,0,1,0,2.8884,0,0,1,0,2.5955,0
slip_recovery_008,slip_recovery,0,1,0.02,0.6636,0.2539,0.0888,0.9238,0.7995,1,0,1,9.7756,1,0,1,0,3.0296,1,0,1,0,2.9134,0
slip_recovery_009,slip_recovery,0,1,0.1,0.6177,0.4785,0.4113,1.0,0.5462,0,1,0,3.24,1,0,1,0,3.258,1,0,1,0,2.9521,0
slip_recovery_010,slip_recovery,0,1,0.12,0.4851,0.5975,0.2761,0.9609,0.9327,0,1,0,3.1898,0,0,1,0,3.2258,0,0,1,0,2.9965,0
slip_recovery_011,slip_recovery,0,1,0.12,0.5575,0.4508,0.2502,0.832,0.6422,0,1,0,2.932,1,0,1,0,2.968,1,0,1,0,2.7569,0
slip_recovery_012,slip_recovery,0,1,0.1,0.6888,0.4856,0.3347,1.0,0.7734,1,0,1,10.04,1,0,1,0,3.258,1,0,1,0,3.0057,0
slip_recovery_013,slip_recovery,0,1,0.04,0.587,0.385,0.1891,1.0,0.6845,0,1,0,3.156,1,0,1,0,3.192,1,0,1,0,3.0236,0
slip_recovery_014,slip_recovery,0,1,0.1,0.4728,0.2731,0.7337,1.0,0.915,0,1,0,3.24,0,0,1,0,3.258,0,0,1,0,2.7264,0
slip_recovery_015,slip_recovery,0,1,0.1,0.4581,0.3652,0.2486,0.9209,0.7734,0,1,0,3.0818,0,0,1,0,3.0998,0,0,1,0,2.9078,0
slip_recovery_016,slip_recovery,0,1,0.02,0.6247,0.4055,0.3144,0.8352,0.6815,1,0,1,9.5984,1,0,1,0,2.8524,1,0,1,0,2.5783,0
slip_recovery_017,slip_recovery,0,1,0.08,0.4845,0.4022,0.5691,0.9028,0.6038,0,1,0,3.0176,0,0,1,0,3.0176,0,0,1,0,2.6192,0
slip_recovery_018,slip_recovery,0,1,0.04,0.6417,0.406,0.2967,0.7302,0.9513,1,0,1,9.4164,1,0,1,0,2.6524,1,0,1,0,2.4087,0
slip_recovery_019,slip_recovery,0,1,0.0,0.6788,0.4296,0.4927,0.8596,0.7176,1,0,1,9.6192,1,0,1,0,2.8912,1,0,1,0,2.4743,0
slip_recovery_020,slip_recovery,0,1,0.12,0.4398,0.4057,0.2006,0.8053,0.59,0,1,0,2.8786,0,0,1,0,2.9146,0,0,1,0,2.7382,0
slip_recovery_021,slip_recovery,0,1,0.16,0.2007,0.3039,0.1622,0.8974,0.7626,0,1,0,3.1188,0,0,1,0,3.1908,0,0,1,0,3.0053,0
slip_recovery_022,slip_recovery,0,1,0.0,0.6425,0.5588,0.3613,1.0,0.4816,1,0,1,9.9,1,1,0,1,9.972,1,0,1,0,2.8471,0
slip_recovery_023,slip_recovery,0,1,0.06,0.5151,0.2645,0.2692,0.6952,0.8071,0,1,0,2.5744,0,0,1,0,2.5924,0,0,1,0,2.386,0
slip_recovery_024,slip_recovery,0,1,0.16,0.6827,0.2732,0.4144,0.8191,0.5458,1,0,1,9.7622,1,0,1,0,3.0342,1,0,1,0,2.6721,0
slip_recovery_025,slip_recovery,0,1,0.08,0.8499,0.2818,0.3234,0.689,0.5756,1,0,1,9.39,0,0,1,0,2.59,0,0,1,0,2.3636,0
slip_recovery_026,slip_recovery,0,1,0.04,0.8956,0.3345,0.4548,0.9208,0.6289,1,0,1,9.7976,0,0,1,0,3.0336,0,0,1,0,2.6792,0
slip_recovery_027,slip_recovery,0,1,0.06,0.3749,0.5343,0.1936,0.7594,0.7409,0,1,0,2.7028,0,1,0,1,9.5208,0,0,1,0,2.5673,0
slip_recovery_028,slip_recovery,0,1,0.12,0.5754,0.3541,0.5266,0.9489,0.7021,0,1,0,3.1658,1,0,1,0,3.2018,1,0,1,0,2.7972,0
slip_recovery_029,slip_recovery,0,1,0.16,0.4919,0.3782,0.5219,0.6937,0.8472,0,1,0,2.7114,0,0,1,0,2.7834,0,0,1,0,2.3461,0
slip_recovery_030,slip_recovery,0,1,0.08,0.4302,0.4339,0.2905,0.9269,0.8219,0,1,0,3.0658,0,0,1,0,3.0658,0,0,1,0,2.8625,0
slip_recovery_031,slip_recovery,0,1,0.0,0.8742,0.3429,0.308,0.9169,0.5899,1,0,1,9.7338,0,0,1,0,3.0058,0,0,1,0,2.7182,0
slip_recovery_032,slip_recovery,0,1,0.02,0.4221,0.5104,0.3367,0.8819,0.5442,0,1,0,2.8918,0,1,0,1,9.7458,0,0,1,0,2.6561,0
slip_recovery_033,slip_recovery,0,1,0.02,0.378,0.2998,0.1761,0.7364,0.732,0,1,0,2.6008,0,0,1,0,2.6548,0,0,1,0,2.4775,0
slip_recovery_034,slip_recovery,0,1,0.1,0.7403,0.3491,0.1146,0.8352,0.8532,1,0,1,9.7104,0,0,1,0,2.9284,0,0,1,0,2.8302,0
slip_recovery_035,slip_recovery,0,1,0.12,0.608,0.2429,0.1703,0.9604,0.8737,0,1,0,3.1888,1,0,1,0,3.2248,1,0,1,0,3.0696,0
slip_recovery_036,slip_recovery,0,1,0.06,0.1744,0.299,0.5282,0.7334,0.7789,0,1,0,2.6508,0,0,1,0,2.6688,0,0,1,0,2.2811,0
slip_recovery_037,slip_recovery,0,1,0.12,0.8536,0.5672,0.5333,0.9992,0.5843,1,0,1,10.0664,0,0,1,0,3.3024,0,0,1,0,2.8931,0
slip_recovery_038,slip_recovery,0,1,0.1,0.3877,0.4161,0.492,0.9819,0.682,0,1,0,3.2038,0,0,1,0,3.2218,0,0,1,0,2.8594,0
slip_recovery_039,slip_recovery,0,1,0.08,0.5756,0.4056,0.4619,0.6325,0.7414,0,1,0,2.477,1,0,1,0,2.477,1,0,1,0,2.1537,0
slip_recovery_040,slip_recovery,0,1,0.06,0.7952,0.2773,0.5578,0.8322,1.0,1,0,1,9.6484,0,0,1,0,2.8664,0,0,1,0,2.4579,0
slip_recovery_041,slip_recovery,0,1,0.12,0.7317,0.3344,0.3029,0.7779,0.7208,1,0,1,9.6238,0,0,1,0,2.8598,0,0,1,0,2.6118,0
slip_recovery_042,slip_recovery,0,1,0.06,0.4404,0.2232,0.2819,0.8658,0.78,0,1,0,2.9156,0,0,1,0,2.9336,0,0,1,0,2.7183,0
slip_recovery_043,slip_recovery,0,1,0.04,0.6112,0.278,0.2295,0.7266,0.6384,0,1,0,2.6092,1,0,1,0,2.6452,1,0,1,0,2.4486,0
slip_recovery_044,slip_recovery,0,1,0.12,0.5927,0.2983,0.0941,0.5963,0.744,0,1,0,2.4606,1,0,1,0,2.4966,1,0,1,0,2.3947,0
slip_recovery_045,slip_recovery,0,1,0.04,0.4769,0.3978,0.0952,0.7971,1.0,0,1,0,2.7502,0,0,1,0,2.7862,0,0,1,0,2.6836,0
slip_recovery_046,slip_recovery,0,1,0.04,0.5557,0.4386,0.2973,0.9132,0.6359,0,1,0,2.9824,1,0,1,0,3.0184,1,0,1,0,2.7743,0
slip_recovery_047,slip_recovery,0,1,0.1,0.671,0.2942,0.0899,0.7648,0.7378,1,0,1,9.5696,1,0,1,0,2.7876,1,0,1,0,2.7067,0
slip_recovery_048,slip_recovery,0,1,0.12,0.7357,0.3023,0.093,0.807,0.9535,1,0,1,9.682,0,0,1,0,2.918,0,0,1,0,2.8169,0
slip_recovery_049,slip_recovery,0,1,0.04,0.434,0.5034,0.2294,0.735,0.6541,0,1,0,2.626,0,1,0,1,9.462,0,0,1,0,2.4654,0
slip_recovery_050,slip_recovery,0,1,0.08,0.8741,0.1178,0.2492,1.0,0.8288,1,0,1,10.012,0,0,1,0,3.212,0,0,1,0,3.0376,0
slip_recovery_051,slip_recovery,0,1,0.06,0.4482,0.3221,0.0821,0.6364,0.7577,0,1,0,2.4568,0,0,1,0,2.4748,0,0,1,0,2.3993,0
slip_recovery_052,slip_recovery,0,1,0.1,0.2858,0.4594,0.3601,0.8667,0.9059,0,1,0,2.9734,0,0,1,0,2.9914,0,0,1,0,2.7213,0
slip_recovery_053,slip_recovery,0,1,0.02,0.385,0.2562,0.2144,0.7924,0.6566,0,1,0,2.7128,0,0,1,0,2.7668,0,0,1,0,2.5627,0
slip_recovery_054,slip_recovery,0,1,0.04,0.6227,0.2721,0.2499,0.763,0.6966,1,0,1,9.482,1,0,1,0,2.718,1,0,1,0,2.5071,0
slip_recovery_055,slip_recovery,0,1,0.0,0.7631,0.4458,0.3287,0.5855,0.6315,1,0,1,9.071,0,0,1,0,2.343,0,0,1,0,2.0409,0
slip_recovery_056,slip_recovery,0,1,0.04,0.5552,0.3445,0.0,0.8467,0.7266,0,1,0,2.8494,1,0,1,0,2.8854,1,0,1,0,2.8494,0
slip_recovery_057,slip_recovery,0,1,0.02,0.7623,0.2983,0.1844,0.9632,0.6481,1,0,1,9.8544,0,0,1,0,3.1084,0,0,1,0,2.9253,0
slip_recovery_058,slip_recovery,0,1,0.08,0.6268,0.3919,0.2716,0.8322,0.527,1,0,1,9.6764,1,0,1,0,2.8764,1,0,1,0,2.6863,0
slip_recovery_059,slip_recovery,0,1,0.1,0.3904,0.3284,0.1327,1.0,0.5725,0,1,0,3.24,0,0,1,0,3.258,0,0,1,0,3.1471,0
slip_recovery_060,slip_recovery,0,1,0.04,0.428,0.5609,0.1928,0.8925,0.9205,0,1,0,2.941,0,1,0,1,9.777,0,0,1,0,2.806,0
slip_recovery_061,slip_recovery,0,1,0.02,0.5476,0.1793,0.6028,1.0,0.8723,0,1,0,3.128,0,0,1,0,3.182,0,0,1,0,2.706,0
slip_recovery_062,slip_recovery,0,1,0.08,0.6871,0.5678,0.3577,0.6333,0.5335,1,0,1,9.2786,1,1,0,1,9.2786,1,0,1,0,2.2282,0
slip_recovery_063,slip_recovery,0,1,0.08,0.7903,0.2482,0.0674,0.9615,0.6556,1,0,1,9.935,0,0,1,0,3.135,0,0,1,0,3.0878,0
slip_recovery_064,slip_recovery,0,1,0.1,0.6094,0.3994,0.3657,0.9597,0.8047,0,1,0,3.1594,1,0,1,0,3.1774,1,0,1,0,2.9034,0
slip_recovery_065,slip_recovery,0,1,0.16,0.548,0.0851,0.344,0.8466,0.4557,0,1,0,3.0172,0,0,1,0,3.0892,0,0,1,0,2.7764,0
slip_recovery_066,slip_recovery,0,1,0.1,0.448,0.4261,0.4972,0.8928,0.8967,0,1,0,3.0256,0,0,1,0,3.0436,0,0,1,0,2.6776,0
slip_recovery_067,slip_recovery,0,1,0.08,0.5826,0.2275,0.6835,0.8131,0.6749,0,1,0,2.8382,1,0,1,0,2.8382,1,0,1,0,2.3598,0
slip_recovery_068,slip_recovery,0,1,0.06,0.5495,0.5215,0.263,0.863,0.795,0,1,0,2.91,0,1,0,1,9.728,0,0,1,0,2.7259,0
slip_recovery_069,slip_recovery,0,1,0.08,0.5037,0.487,0.2028,0.9146,0.5211,0,1,0,3.0412,0,0,1,0,3.0412,0,0,1,0,2.8992,0
slip_recovery_070,slip_recovery,0,1,0.04,1.0,0.3376,0.2728,0.8819,0.7125,1,0,1,9.7198,0,0,1,0,2.9558,0,0,1,0,2.7288,0
slip_recovery_071,slip_recovery,0,1,0.02,0.8621,0.4347,0.2333,0.9082,0.6923,1,0,1,9.7444,0,0,1,0,2.9984,0,0,1,0,2.7811,0
slip_recovery_072,slip_recovery,0,1,0.16,0.5911,0.4629,0.3177,0.9216,0.8188,0,1,0,3.1672,1,0,1,0,3.2392,1,0,1,0,2.9448,0
slip_recovery_073,slip_recovery,0,1,0.12,0.3209,0.2468,0.3961,0.7018,0.5217,0,1,0,2.6716,0,0,1,0,2.7076,0,0,1,0,2.3943,0
slip_recovery_074,slip_recovery,0,1,0.06,0.4785,0.4123,0.4773,0.651,0.7635,0,1,0,2.486,0,0,1,0,2.504,0,0,1,0,2.1519,0
slip_recovery_075,slip_recovery,0,1,0.0,0.4278,0.393,0.2554,0.7091,0.6298,0,1,0,2.5182,0,0,1,0,2.5902,0,0,1,0,2.3394,0
slip_recovery_076,slip_recovery,0,1,0.06,0.665,0.5966,0.5192,0.6863,0.8082,1,0,1,9.3566,1,1,0,1,9.3746,1,0,1,0,2.1932,0
slip_recovery_077,slip_recovery,0,1,0.08,0.6405,0.2868,0.0583,0.6701,0.792,1,0,1,9.3522,1,0,1,0,2.5522,1,0,1,0,2.5114,0
slip_recovery_078,slip_recovery,0,1,0.16,0.7042,0.0735,0.4049,1.0,0.542,1,0,1,10.124,0,0,1,0,3.396,0,0,1,0,3.0406,0
slip_recovery_079,slip_recovery,0,1,0.06,0.547,0.164,0.3027,0.9783,0.827,0,1,0,3.1406,0,0,1,0,3.1586,0,0,1,0,2.9287,0
slip_recovery_080,slip_recovery,0,1,0.1,0.765,0.2615,0.1526,1.0,0.8839,1,0,1,10.04,0,0,1,0,3.258,0,0,1,0,3.1332,0
slip_recovery_081,slip_recovery,0,1,0.04,0.6675,0.637,0.2249,0.8826,0.8014,1,0,1,9.7212,1,1,0,1,9.7572,1,0,1,0,2.7638,0
slip_recovery_082,slip_recovery,0,1,0.12,0.7057,0.3255,0.1817,0.9902,0.7818,1,0,1,10.0484,0,0,1,0,3.2844,0,0,1,0,3.1212,0
slip_recovery_083,slip_recovery,0,1,0.12,0.7714,0.4489,0.5878,0.7811,0.6581,1,0,1,9.6302,0,0,1,0,2.8662,0,0,1,0,2.4187,0
slip_recovery_084,slip_recovery,0,1,0.06,0.8264,0.3492,0.5465,1.0,0.789,1,0,1,9.984,0,0,1,0,3.202,0,0,1,0,2.8014,0
slip_recovery_085,slip_recovery,0,1,0.12,0.5568,0.3055,0.3635,0.898,0.9009,0,1,0,3.064,1,0,1,0,3.1,1,0,1,0,2.8096,0
slip_recovery_086,slip_recovery,0,1,0.08,0.4378,0.3179,0.2875,0.972,0.8928,0,1,0,3.156,0,0,1,0,3.156,0,0,1,0,2.9548,0
slip_recovery_087,slip_recovery,0,1,0.1,0.5523,0.2669,0.4706,0.9894,0.6332,0,1,0,3.2188,1,0,1,0,3.2368,1,0,1,0,2.8894,0
slip_recovery_088,slip_recovery,0,1,0.12,0.7022,0.4805,0.3233,1.0,0.5554,1,0,1,10.068,0,0,1,0,3.304,0,0,1,0,3.0417,0
slip_recovery_089,slip_recovery,0,1,0.02,0.5233,0.2417,0.3866,0.9113,0.7129,0,1,0,2.9506,0,0,1,0,3.0046,0,0,1,0,2.68,0
slip_recovery_090,slip_recovery,0,1,0.08,0.7005,0.3218,0.509,0.8456,0.7117,1,0,1,9.7032,0,0,1,0,2.9032,0,0,1,0,2.5469,0
slip_recovery_091,slip_recovery,0,1,0.1,0.6618,0.5444,0.4156,0.7424,0.6686,1,0,1,9.5248,1,0,1,0,2.7428,1,0,1,0,2.4339,0
slip_recovery_092,slip_recovery,0,1,0.04,0.4299,0.3259,0.2417,0.7613,0.8697,0,1,0,2.6786,0,0,1,0,2.7146,0,0,1,0,2.5094,0
slip_recovery_093,slip_recovery,0,1,0.16,0.3527,0.3338,0.7008,0.9273,0.6656,0,1,0,3.1786,0,0,1,0,3.2506,0,0,1,0,2.688,0
slip_recovery_094,slip_recovery,0,1,0.08,0.5078,0.1205,0.0,0.8406,0.6877,0,1,0,2.8932,0,0,1,0,2.8932,0,0,1,0,2.8932,0
slip_recovery_095,slip_recovery,0,1,0.0,0.4991,0.3114,0.1307,0.8465,0.5407,0,1,0,2.793,0,0,1,0,2.865,0,0,1,0,2.7015,0
slip_recovery_096,slip_recovery,0,1,0.0,0.6593,0.44,0.323,0.9306,0.6298,1,0,1,9.7612,1,0,1,0,3.0332,1,0,1,0,2.7351,0
slip_recovery_097,slip_recovery,0,1,0.1,0.9093,0.2719,0.3673,0.9775,0.6996,1,0,1,9.995,0,0,1,0,3.213,0,0,1,0,2.9379,0
slip_recovery_098,slip_recovery,0,1,0.06,0.7773,0.0,0.3818,0.921,0.6743,1,0,1,9.826,0,0,1,0,3.044,0,0,1,0,2.7587,0
slip_recovery_099,slip_recovery,0,1,0.16,0.4151,0.2471,0.2664,0.7111,0.6676,0,1,0,2.7462,0,0,1,0,2.8182,0,0,1,0,2.5597,0
shared_guidance_000,shared_guidance,1,0,0.16,0.5728,0.7113,1.0,0.5872,0.4598,0,0,0,3.5984,1,0,0,0,3.6704,1,1,1,0,1.7984,0
shared_guidance_001,shared_guidance,1,0,0.04,0.8916,0.627,0.5703,0.4464,0.2948,1,1,0,2.0488,0,1,1,0,2.0848,0,1,1,0,1.6496,0
shared_guidance_002,shared_guidance,1,0,0.08,0.8079,0.8128,0.8627,0.2741,0.3749,1,1,0,1.7602,0,1,1,0,1.7602,0,1,1,0,1.1563,0
shared_guidance_003,shared_guidance,1,0,0.02,0.6887,0.7162,0.5242,0.372,0.3609,1,1,0,1.872,1,1,1,0,1.926,1,1,1,0,1.5051,0
shared_guidance_004,shared_guidance,0,0,0.02,0.7171,0.5292,0.5104,0.2109,0.4933,1,0,0,1.5498,0,1,0,0,1.6038,0,0,1,0,1.1925,0
shared_guidance_005,shared_guidance,1,0,0.1,0.6519,0.6707,0.711,0.3472,0.5714,1,1,0,1.9344,1,0,0,0,3.0524,1,1,1,0,1.4367,0
shared_guidance_006,shared_guidance,1,0,0.08,0.6233,0.698,0.8118,0.1662,0.5887,1,1,0,1.5444,1,1,1,0,1.5444,1,1,1,0,0.9761,0
shared_guidance_007,shared_guidance,1,0,0.02,0.4935,0.6857,0.762,0.2756,0.4687,0,0,0,2.7792,0,1,1,0,1.7332,0,0,0,0,2.2458,0
shared_guidance_008,shared_guidance,1,0,0.06,1.0,0.9687,0.6859,0.5306,0.3286,1,1,0,2.2452,0,1,1,0,2.2632,0,1,1,0,1.7651,0
shared_guidance_009,shared_guidance,1,0,0.04,0.6832,0.8704,0.6864,0.2245,0.3573,1,1,0,1.605,1,1,1,0,1.641,1,1,1,0,1.1245,0
shared_guidance_010,shared_guidance,1,0,0.04,0.6618,0.6714,0.7909,0.3762,0.3284,1,1,0,1.9084,1,1,1,0,1.9444,1,1,1,0,1.3548,0
shared_guidance_011,shared_guidance,1,0,0.04,0.6061,0.8891,0.3955,0.3601,0.2998,0,0,0,2.9762,1,1,1,0,1.9122,1,0,0,0,2.6994,0
shared_guidance_012,shared_guidance,1,0,0.02,0.7721,0.7095,0.544,0.2231,0.3261,1,1,0,1.5742,0,1,1,0,1.6282,0,1,1,0,1.1934,0
shared_guidance_013,shared_guidance,1,0,0.16,0.8159,0.71,0.8629,0.2088,0.439,1,1,0,1.7416,0,0,0,0,2.9136,0,1,1,0,1.1376,0
shared_guidance_014,shared_guidance,1,0,0.06,0.8266,0.7773,0.4378,0.536,0.3988,1,1,0,2.256,0,1,1,0,2.274,0,0,0,0,3.0495,0
shared_guidance_015,shared_guidance,1,0,0.0,0.5121,0.6467,0.6252,0.4048,0.5771,0,0,0,3.0096,0,1,1,0,1.9816,0,0,0,0,2.572,0
shared_guidance_016,shared_guidance,1,0,0.08,0.6004,0.6336,0.8645,0.2957,0.2578,0,0,0,2.9034,1,1,1,0,1.8034,1,1,1,0,1.1983,0
shared_guidance_017,shared_guidance,1,0,0.16,0.5721,0.7645,0.6039,0.5509,0.6903,0,0,0,3.5258,1,0,0,0,3.5978,1,0,0,0,3.1031,0
shared_guidance_018,shared_guidance,1,0,0.08,0.5488,0.7481,0.6727,0.3251,0.1965,0,0,0,2.9622,0,1,1,0,1.8622,0,1,1,0,1.3913,0
shared_guidance_019,shared_guidance,0,0,0.12,0.3956,0.8898,0.781,0.6448,0.3235,0,1,0,2.5576,0,0,1,0,2.5936,0,0,1,0,2.0109,0
shared_guidance_020,shared_guidance,1,0,0.1,0.7197,0.9028,0.6385,0.4441,0.5117,1,1,0,2.1282,0,0,0,0,3.2462,0,1,1,0,1.6813,0
shared_guidance_021,shared_guidance,1,0,0.04,0.6823,0.5803,0.5661,0.2733,0.3329,1,1,0,1.7026,1,1,1,0,1.7386,1,1,1,0,1.3063,0
shared_guidance_022,shared_guidance,1,0,0.04,0.4806,0.7646,0.4977,0.4941,0.3344,0,0,0,3.2442,0,1,1,0,2.1802,0,0,0,0,2.8958,0
shared_guidance_023,shared_guidance,1,0,0.02,0.7974,0.6175,0.8245,0.2639,0.3683,1,1,0,1.6558,0,1,1,0,1.7098,0,1,1,0,1.0787,0
shared_guidance_024,shared_guidance,1,0,0.0,0.6615,0.6131,0.6599,0.2269,0.1226,1,1,0,1.5538,1,1,1,0,1.6258,1,1,1,0,1.0919,0
shared_guidance_025,shared_guidance,1,0,0.06,0.8428,0.9767,0.9218,0.2325,0.1029,1,1,0,1.649,0,1,1,0,1.667,0,1,1,0,1.0037,0
shared_guidance_026,shared_guidance,1,0,0.08,0.6685,0.9172,0.6694,0.5478,0.5447,1,1,0,2.3076,1,1,1,0,2.3076,1,1,1,0,1.839,0
shared_guidance_027,shared_guidance,1,0,0.16,0.6182,0.5432,0.9278,0.2074,0.4013,0,0,0,2.8388,1,0,0,0,2.9108,1,0,0,0,2.1893,0
shared_guidance_028,shared_guidance,1,0,0.1,0.7801,0.8575,0.7141,0.2398,0.3982,1,1,0,1.7196,0,0,0,0,2.8376,0,1,1,0,1.2197,0
shared_guidance_029,shared_guidance,1,0,0.12,0.7682,0.5732,0.7758,0.3304,0.1738,1,1,0,1.9288,0,0,0,0,3.0648,0,0,0,0,2.4857,0
shared_guidance_030,shared_guidance,1,0,0.06,0.6231,0.7549,0.743,0.5688,0.4112,1,1,0,2.3216,1,1,1,0,2.3396,1,1,1,0,1.8015,0
shared_guidance_031,shared_guidance,1,0,0.1,0.789,0.7734,0.8117,0.3272,0.4535,1,1,0,1.8944,0,0,0,0,3.0124,0,1,1,0,1.3262,0
shared_guidance_032,shared_guidance,1,0,0.02,0.6311,0.8198,0.4683,0.365,0.2407,1,1,0,1.858,1,1,1,0,1.912,1,0,0,0,2.6302,0
shared_guidance_033,shared_guidance,1,0,0.1,0.6109,0.789,0.5434,0.573,0.3561,0,0,0,3.486,1,0,0,0,3.504,1,1,1,0,2.0056,0
shared_guidance_034,shared_guidance,1,0,0.04,0.6482,0.7647,0.6939,0.4588,0.4411,1,1,0,2.0736,1,1,1,0,2.1096,1,1,1,0,1.5879,0
shared_guidance_035,shared_guidance,1,0,0.16,0.5983,0.7769,0.7602,0.3202,0.541,0,0,0,3.0644,1,0,0,0,3.1364,1,1,1,0,1.4323,0
shared_guidance_036,shared_guidance,1,0,0.02,0.5533,0.7454,0.7214,0.3602,0.5987,0,0,0,2.9484,1,1,1,0,1.9024,1,1,1,0,1.3434,0
shared_guidance_037,shared_guidance,1,0,0.0,0.4617,0.7683,0.6407,0.4781,0.2937,0,0,0,3.1562,0,1,1,0,2.1282,0,0,0,0,2.7077,0
shared_guidance_038,shared_guidance,1,0,0.0,0.4852,0.7781,0.6896,0.4319,0.2665,0,0,0,3.0638,0,1,1,0,2.0358,0,0,0,0,2.5811,0
shared_guidance_039,shared_guidance,1,0,0.12,0.745,0.6439,0.9466,0.3437,0.1692,1,1,0,1.9554,0,0,0,0,3.0914,0,1,1,0,1.2928,0
shared_guidance_040,shared_guidance,1,0,0.12,0.5764,0.7349,0.705,0.3546,0.348,0,0,0,3.0772,1,0,0,0,3.1132,1,1,1,0,1.4837,0
shared_guidance_041,shared_guidance,1,0,0.16,0.7429,0.9416,0.5792,0.536,0.4895,1,1,0,2.396,0,0,0,0,3.568,0,1,1,0,1.9906,0
shared_guidance_042,shared_guidance,1,0,0.06,0.5445,0.6056,0.5752,0.3788,0.3627,0,0,0,3.0416,0,1,1,0,1.9596,0,1,1,0,1.539,0
shared_guidance_043,shared_guidance,1,0,0.16,0.7133,0.9635,0.8297,0.3884,0.3184,1,1,0,2.1008,0,0,0,0,3.2728,0,1,1,0,1.52,0
shared_guidance_044,shared_guidance,1,0,0.0,0.7138,0.8691,0.7453,0.3267,0.327,1,1,0,1.7534,0,1,1,0,1.8254,0,1,1,0,1.2317,0
shared_guidance_045,shared_guidance,1,0,0.0,0.8171,0.5425,0.7078,0.541,0.2761,1,1,0,2.182,0,1,1,0,2.254,0,0,0,0,2.7865,0
shared_guidance_046,shared_guidance,1,0,0.02,0.8754,0.79,0.6706,0.3354,0.4638,1,1,0,1.7988,0,1,1,0,1.8528,0,1,1,0,1.3294,0
shared_guidance_047,shared_guidance,1,0,0.16,0.9123,0.7478,0.5193,0.5862,0.1201,1,1,0,2.4964,0,0,0,0,3.6684,0,1,1,0,2.1329,0
shared_guidance_048,shared_guidance,1,0,0.0,0.8413,0.7136,0.7187,0.0861,0.3825,1,1,0,1.2722,0,1,1,0,1.3442,0,1,1,0,0.7691,0
shared_guidance_049,shared_guidance,1,0,0.04,0.3137,0.8331,0.6928,0.3293,0.5062,0,0,0,2.9146,0,1,1,0,1.8506,0,0,0,0,2.4296,0
shared_guidance_050,shared_guidance,1,0,0.0,0.647,0.8227,0.8097,0.4866,0.3077,1,1,0,2.0732,1,1,1,0,2.1452,1,1,1,0,1.5064,0
shared_guidance_051,shared_guidance,1,0,0.16,0.427,0.7752,0.4195,0.3138,0.5457,0,0,0,3.0516,0,0,0,0,3.1236,0,0,0,0,2.758,0
shared_guidance_052,shared_guidance,1,0,0.1,0.3796,0.9694,0.6266,0.2255,0.5165,0,0,0,2.791,0,0,0,0,2.809,0,0,0,0,2.3524,0
shared_guidance_053,shared_guidance,1,0,0.04,0.7537,0.924,0.5054,0.4071,0.386,1,1,0,1.9702,0,1,1,0,2.0062,0,1,1,0,1.6164,0
shared_guidance_054,shared_guidance,1,0,0.08,0.7015,0.7539,0.5557,0.5114,0.4924,1,1,0,2.2348,0,1,1,0,2.2348,0,1,1,0,1.8458,0
shared_guidance_055,shared_guidance,1,0,0.0,0.463,0.5679,0.8299,0.5163,0.4364,0,0,0,3.2326,0,1,1,0,2.2046,0,0,0,0,2.6517,0
shared_guidance_056,shared_guidance,0,0,0.06,0.5959,0.4923,0.8571,0.2959,0.4335,0,1,0,1.7758,1,0,1,0,1.7938,1,0,1,0,1.1758,0
shared_guidance_057,shared_guidance,1,0,0.06,1.0,0.6414,0.5231,0.2757,0.1234,1,1,0,1.7354,0,1,1,0,1.7534,0,1,1,0,1.3692,0
shared_guidance_058,shared_guidance,1,0,0.12,0.8172,0.7474,0.7624,0.1904,0.0,1,1,0,1.6488,0,0,0,0,2.7848,0,1,1,0,1.1151,0
shared_guidance_059,shared_guidance,1,0,0.08,0.4149,0.5853,0.6238,0.2936,0.4348,0,0,0,2.8992,0,1,1,0,1.7992,0,0,0,0,2.4625,0
shared_guidance_060,shared_guidance,1,0,0.0,0.6643,0.7986,0.6605,0.2277,0.2959,1,1,0,1.5554,1,1,1,0,1.6274,1,1,1,0,1.0931,0
shared_guidance_061,shared_guidance,1,0,0.0,0.6706,0.6331,0.7601,0.2533,0.3703,1,1,0,1.6066,1,1,1,0,1.6786,1,1,1,0,1.0745,0
shared_guidance_062,shared_guidance,1,0,0.16,0.7398,0.8661,0.6882,0.2691,0.2515,1,1,0,1.8622,0,0,0,0,3.0342,0,1,1,0,1.3805,0
shared_guidance_063,shared_guidance,1,0,0.04,0.7583,0.8745,0.5808,0.3323,0.6982,1,1,0,1.8206,0,1,1,0,1.8566,0,0,0,0,2.514,0
shared_guidance_064,shared_guidance,1,0,0.16,0.808,0.5423,0.3593,0.2512,0.2073,1,1,0,1.8264,0,0,0,0,2.9984,0,0,0,0,2.6749,0
shared_guidance_065,shared_guidance,1,0,0.1,0.6077,0.6124,0.7606,0.0309,0.4059,0,0,0,2.4018,1,0,0,0,2.4198,1,1,1,0,0.7694,0
shared_guidance_066,shared_guidance,1,0,0.08,0.7847,0.8473,0.5515,0.4369,0.5126,1,1,0,2.0858,0,1,1,0,2.0858,0,1,1,0,1.6998,0
shared_guidance_067,shared_guidance,1,0,0.06,0.775,0.6137,0.78,0.1983,0.2291,1,1,0,1.5806,0,1,1,0,1.5986,0,1,1,0,1.0346,0
shared_guidance_068,shared_guidance,1,0,0.04,0.7285,0.7707,0.6979,0.3459,0.4179,1,1,0,1.8478,0,1,1,0,1.8838,0,1,1,0,1.3593,0
shared_guidance_069,shared_guidance,1,0,0.04,0.511,0.6781,0.6554,0.2921,0.1024,0,0,0,2.8402,0,1,1,0,1.7762,0,0,0,0,2.3814,0
shared_guidance_070,shared_guidance,1,0,0.08,0.4712,0.9274,0.6211,0.4701,0.3769,0,0,0,3.2522,0,1,1,0,2.1522,0,0,0,0,2.8174,0
shared_guidance_071,shared_guidance,1,0,0.06,0.6047,0.9046,0.8224,0.2036,0.5319,0,0,0,2.6912,1,1,1,0,1.6092,1,1,1,0,1.0155,0
shared_guidance_072,shared_guidance,1,0,0.04,0.7545,0.9528,0.8036,0.5277,0.0714,1,1,0,2.2114,0,1,1,0,2.2474,0,1,1,0,1.6489,0
shared_guidance_073,shared_guidance,1,0,0.06,0.9188,0.6453,0.8205,0.1965,0.5051,1,1,0,1.577,0,1,1,0,1.595,0,1,1,0,1.0027,0
shared_guidance_074,shared_guidance,1,0,0.08,0.4649,0.8142,0.7486,0.369,0.2413,0,0,0,3.05,0,1,1,0,1.95,0,0,0,0,2.526,0
shared_guidance_075,shared_guidance,0,0,0.1,0.6946,0.7652,0.7498,0.6264,0.264,1,0,0,2.4928,0,0,1,0,2.5108,0,1,0,0,1.9679,0
shared_guidance_076,shared_guidance,1,0,0.04,0.8632,0.5709,0.6954,0.437,0.3416,1,1,0,2.03,0,1,1,0,2.066,0,0,0,0,2.6432,0
shared_guidance_077,shared_guidance,1,0,0.12,0.6129,0.9087,0.7205,0.4477,0.405,0,0,0,3.2634,1,0,0,0,3.2994,1,1,1,0,1.6591,0
shared_guidance_078,shared_guidance,0,0,0.04,0.7665,0.9877,0.8099,0.771,0.3763,1,0,0,2.698,0,1,0,0,2.734,0,0,1,0,2.1311,0
shared_guidance_079,shared_guidance,1,0,0.04,0.5825,0.891,0.7302,0.2441,0.3215,0,0,0,2.7442,1,1,1,0,1.6802,1,1,1,0,1.1331,0
shared_guidance_080,shared_guidance,1,0,0.08,0.7429,0.7658,0.2448,0.3896,0.5306,1,1,0,1.9912,0,1,1,0,1.9912,0,0,0,0,2.9198,0
shared_guidance_081,shared_guidance,0,0,0.1,0.9128,0.4501,0.6387,0.5392,0.6122,1,0,0,2.3184,0,0,1,0,2.3364,0,0,1,0,1.8713,0
shared_guidance_082,shared_guidance,1,0,0.02,0.8925,0.7089,0.4447,0.179,0.2074,1,1,0,1.486,0,1,1,0,1.54,0,0,0,0,2.2747,0
shared_guidance_083,shared_guidance,1,0,0.1,0.8391,0.6842,0.7275,0.2353,0.4187,1,1,0,1.7106,0,0,0,0,2.8286,0,1,1,0,1.2014,0
shared_guidance_084,shared_guidance,1,0,0.16,0.5394,0.614,1.0,0.5142,0.3625,0,0,0,3.4524,0,0,0,0,3.5244,0,0,0,0,2.7524,0
shared_guidance_085,shared_guidance,1,0,0.02,0.716,0.6074,0.7208,0.1628,0.5484,1,1,0,1.4536,0,1,1,0,1.5076,0,1,1,0,0.949,0
shared_guidance_086,shared_guidance,1,0,0.1,0.568,0.8971,0.7319,0.2553,0.4415,0,0,0,2.8506,1,0,0,0,2.8686,1,1,1,0,1.2383,0
shared_guidance_087,shared_guidance,1,0,0.04,0.5168,0.7849,1.0,0.2796,0.3951,0,0,0,2.8152,0,1,1,0,1.7512,0,0,0,0,2.1152,0
shared_guidance_088,shared_guidance,0,0,0.04,0.3672,0.5059,0.6376,0.3855,0.3332,0,1,0,1.927,0,1,0,0,1.963,0,0,1,0,1.4807,0
shared_guidance_089,shared_guidance,1,0,0.0,0.4655,0.5889,0.6538,0.2776,0.5662,0,0,0,2.7552,0,1,1,0,1.7272,0,0,0,0,2.2975,0
shared_guidance_090,shared_guidance,1,0,0.0,0.5698,0.6705,0.7776,0.4816,0.5865,0,0,0,3.1632,1,1,1,0,2.1352,1,1,1,0,1.5189,0
shared_guidance_091,shared_guidance,1,0,0.1,0.6497,0.8787,0.4805,0.3611,0.0746,1,1,0,1.9622,1,0,0,0,3.0802,1,1,1,0,1.6259,0
shared_guidance_092,shared_guidance,1,0,0.0,0.7473,0.9629,0.7691,0.3159,0.4968,1,1,0,1.7318,0,1,1,0,1.8038,0,1,1,0,1.1934,0
shared_guidance_093,shared_guidance,1,0,0.12,0.6546,0.6444,0.7328,0.2938,0.5842,1,1,0,1.8556,1,0,0,0,2.9916,1,1,1,0,1.3426,0
shared_guidance_094,shared_guidance,1,0,0.04,1.0,0.7701,0.9067,0.3218,0.3967,1,1,0,1.7996,0,1,1,0,1.8356,0,1,1,0,1.1649,0
shared_guidance_095,shared_guidance,0,0,0.02,0.7929,0.4582,0.6841,0.1848,0.3216,1,0,0,1.4976,0,0,1,0,1.5516,0,0,1,0,1.0187,0
shared_guidance_096,shared_guidance,1,0,0.08,0.4555,1.0,0.6635,0.5476,0.3785,0,0,0,3.4072,0,1,1,0,2.3072,0,0,0,0,2.9428,0
shared_guidance_097,shared_guidance,1,0,0.16,0.5463,0.5562,0.936,0.4289,0.3841,0,0,0,3.2818,0,0,0,0,3.3538,0,0,0,0,2.6266,0
shared_guidance_098,shared_guidance,1,0,0.12,0.5225,1.0,0.624,0.4654,0.4183,0,0,0,3.2988,0,0,0,0,3.3348,0,0,0,0,2.862,0
shared_guidance_099,shared_guidance,1,0,0.04,0.8521,0.6925,0.6048,0.2649,0.3642,1,1,0,1.6858,0,1,1,0,1.7218,0,1,1,0,1.2624,0
